騎手名,調教師名,出走回数,成績(X-Y-Z-W),勝率,複勝率,Dify説明文
矢野貴之,藤田輝信,91,34-14-9-34,37.40%,62.60%,"【南関4場合算｜騎手×調教師 勝利数ランキング】
騎手：矢野貴之
調教師：藤田輝信
成績：34-14-9-34
出走数：91
※このデータは南関4競馬場合算の騎手×調教師の相性成績である。"
笹川翼,小久保智,105,30-16-16-43,28.60%,59.00%,"【南関4場合算｜騎手×調教師 勝利数ランキング】
騎手：笹川翼
調教師：小久保智
成績：30-16-16-43
出走数：105
※このデータは南関4競馬場合算の騎手×調教師の相性成績である。"
吉井章,的場直之,100,26-12-9-53,26.00%,47.00%,"【南関4場合算｜騎手×調教師 勝利数ランキング】
騎手：吉井章
調教師：的場直之
成績：26-12-9-53
出走数：100
※このデータは南関4競馬場合算の騎手×調教師の相性成績である。"
笹川翼,繁田健一,74,26-10-11-27,35.10%,63.50%,"【南関4場合算｜騎手×調教師 勝利数ランキング】
騎手：笹川翼
調教師：繁田健一
成績：26-10-11-27
出走数：74
※このデータは南関4競馬場合算の騎手×調教師の相性成績である。"
張田昂,張田京,161,25-35-21-80,15.50%,50.30%,"【南関4場合算｜騎手×調教師 勝利数ランキング】
騎手：張田昂
調教師：張田京
成績：25-35-21-80
出走数：161
※このデータは南関4競馬場合算の騎手×調教師の相性成績である。"
矢野貴之,高月賢一,89,22-15-12-40,24.70%,55.10%,"【南関4場合算｜騎手×調教師 勝利数ランキング】
騎手：矢野貴之
調教師：高月賢一
成績：22-15-12-40
出走数：89
※このデータは南関4競馬場合算の騎手×調教師の相性成績である。"
野畑凌,小久保智,101,21-12-8-60,20.80%,40.60%,"【南関4場合算｜騎手×調教師 勝利数ランキング】
騎手：野畑凌
調教師：小久保智
成績：21-12-8-60
出走数：101
※このデータは南関4競馬場合算の騎手×調教師の相性成績である。"
本田正重,川島正一,83,20-15-18-30,24.10%,63.90%,"【南関4場合算｜騎手×調教師 勝利数ランキング】
騎手：本田正重
調教師：川島正一
成績：20-15-18-30
出走数：83
※このデータは南関4競馬場合算の騎手×調教師の相性成績である。"
御神本訓史,川島正一,50,20-9-4-17,40.00%,66.00%,"【南関4場合算｜騎手×調教師 勝利数ランキング】
騎手：御神本訓史
調教師：川島正一
成績：20-9-4-17
出走数：50
※このデータは南関4競馬場合算の騎手×調教師の相性成績である。"
福原杏,水野貴史,107,19-11-15-62,17.80%,42.10%,"【南関4場合算｜騎手×調教師 勝利数ランキング】
騎手：福原杏
調教師：水野貴史
成績：19-11-15-62
出走数：107
※このデータは南関4競馬場合算の騎手×調教師の相性成績である。"
山口達弥,林正人,207,18-33-16-140,8.70%,32.40%,"【南関4場合算｜騎手×調教師 勝利数ランキング】
騎手：山口達弥
調教師：林正人
成績：18-33-16-140
出走数：207
※このデータは南関4競馬場合算の騎手×調教師の相性成績である。"
本田正重,新井清重,74,18-9-12-35,24.30%,52.70%,"【南関4場合算｜騎手×調教師 勝利数ランキング】
騎手：本田正重
調教師：新井清重
成績：18-9-12-35
出走数：74
※このデータは南関4競馬場合算の騎手×調教師の相性成績である。"
西啓太,坂井英光,54,18-9-5-22,33.30%,59.30%,"【南関4場合算｜騎手×調教師 勝利数ランキング】
騎手：西啓太
調教師：坂井英光
成績：18-9-5-22
出走数：54
※このデータは南関4競馬場合算の騎手×調教師の相性成績である。"
笹川翼,米田英世,87,17-15-14-41,19.50%,52.90%,"【南関4場合算｜騎手×調教師 勝利数ランキング】
騎手：笹川翼
調教師：米田英世
成績：17-15-14-41
出走数：87
※このデータは南関4競馬場合算の騎手×調教師の相性成績である。"
和田譲治,宗形竹見,95,17-15-4-59,17.90%,37.90%,"【南関4場合算｜騎手×調教師 勝利数ランキング】
騎手：和田譲治
調教師：宗形竹見
成績：17-15-4-59
出走数：95
※このデータは南関4競馬場合算の騎手×調教師の相性成績である。"
安藤洋一,荒山勝徳,45,16-8-5-16,35.60%,64.40%,"【南関4場合算｜騎手×調教師 勝利数ランキング】
騎手：安藤洋一
調教師：荒山勝徳
成績：16-8-5-16
出走数：45
※このデータは南関4競馬場合算の騎手×調教師の相性成績である。"
笹川翼,荒山勝徳,31,16-8-2-5,51.60%,83.90%,"【南関4場合算｜騎手×調教師 勝利数ランキング】
騎手：笹川翼
調教師：荒山勝徳
成績：16-8-2-5
出走数：31
※このデータは南関4競馬場合算の騎手×調教師の相性成績である。"
笹川翼,新井清重,85,15-17-12-41,17.60%,51.80%,"【南関4場合算｜騎手×調教師 勝利数ランキング】
騎手：笹川翼
調教師：新井清重
成績：15-17-12-41
出走数：85
※このデータは南関4競馬場合算の騎手×調教師の相性成績である。"
笠野雄大,稲益貴弘,36,15-5-2-14,41.70%,61.10%,"【南関4場合算｜騎手×調教師 勝利数ランキング】
騎手：笠野雄大
調教師：稲益貴弘
成績：15-5-2-14
出走数：36
※このデータは南関4競馬場合算の騎手×調教師の相性成績である。"
山崎誠士,山崎裕也,98,14-11-14-59,14.30%,39.80%,"【南関4場合算｜騎手×調教師 勝利数ランキング】
騎手：山崎誠士
調教師：山崎裕也
成績：14-11-14-59
出走数：98
※このデータは南関4競馬場合算の騎手×調教師の相性成績である。"
矢野貴之,内田勝義,50,14-11-8-17,28.00%,66.00%,"【南関4場合算｜騎手×調教師 勝利数ランキング】
騎手：矢野貴之
調教師：内田勝義
成績：14-11-8-17
出走数：50
※このデータは南関4競馬場合算の騎手×調教師の相性成績である。"
笹川翼,高月賢一,54,14-8-7-25,25.90%,53.70%,"【南関4場合算｜騎手×調教師 勝利数ランキング】
騎手：笹川翼
調教師：高月賢一
成績：14-8-7-25
出走数：54
※このデータは南関4競馬場合算の騎手×調教師の相性成績である。"
中山遥人,小林真治,53,14-7-0-32,26.40%,39.60%,"【南関4場合算｜騎手×調教師 勝利数ランキング】
騎手：中山遥人
調教師：小林真治
成績：14-7-0-32
出走数：53
※このデータは南関4競馬場合算の騎手×調教師の相性成績である。"
矢野貴之,渡邉和雄,43,14-6-6-17,32.60%,60.50%,"【南関4場合算｜騎手×調教師 勝利数ランキング】
騎手：矢野貴之
調教師：渡邉和雄
成績：14-6-6-17
出走数：43
※このデータは南関4競馬場合算の騎手×調教師の相性成績である。"
野畑凌,高月賢一,107,13-19-12-63,12.10%,41.10%,"【南関4場合算｜騎手×調教師 勝利数ランキング】
騎手：野畑凌
調教師：高月賢一
成績：13-19-12-63
出走数：107
※このデータは南関4競馬場合算の騎手×調教師の相性成績である。"
矢野貴之,福田真広,36,13-8-3-12,36.10%,66.70%,"【南関4場合算｜騎手×調教師 勝利数ランキング】
騎手：矢野貴之
調教師：福田真広
成績：13-8-3-12
出走数：36
※このデータは南関4競馬場合算の騎手×調教師の相性成績である。"
七夕裕次郎,工藤伸輔,83,13-7-5-58,15.70%,30.10%,"【南関4場合算｜騎手×調教師 勝利数ランキング】
騎手：七夕裕次郎
調教師：工藤伸輔
成績：13-7-5-58
出走数：83
※このデータは南関4競馬場合算の騎手×調教師の相性成績である。"
本田正重,山下貴之,74,12-17-13-32,16.20%,56.80%,"【南関4場合算｜騎手×調教師 勝利数ランキング】
騎手：本田正重
調教師：山下貴之
成績：12-17-13-32
出走数：74
※このデータは南関4競馬場合算の騎手×調教師の相性成績である。"
岡村健司,齊藤敏,107,12-11-11-73,11.20%,31.80%,"【南関4場合算｜騎手×調教師 勝利数ランキング】
騎手：岡村健司
調教師：齊藤敏
成績：12-11-11-73
出走数：107
※このデータは南関4競馬場合算の騎手×調教師の相性成績である。"
安藤洋一,藤田輝信,81,12-9-9-51,14.80%,37.00%,"【南関4場合算｜騎手×調教師 勝利数ランキング】
騎手：安藤洋一
調教師：藤田輝信
成績：12-9-9-51
出走数：81
※このデータは南関4競馬場合算の騎手×調教師の相性成績である。"
野畑凌,佐藤博紀,65,12-9-6-38,18.50%,41.50%,"【南関4場合算｜騎手×調教師 勝利数ランキング】
騎手：野畑凌
調教師：佐藤博紀
成績：12-9-6-38
出走数：65
※このデータは南関4競馬場合算の騎手×調教師の相性成績である。"
矢野貴之,山田信大,48,12-6-8-22,25.00%,54.20%,"【南関4場合算｜騎手×調教師 勝利数ランキング】
騎手：矢野貴之
調教師：山田信大
成績：12-6-8-22
出走数：48
※このデータは南関4競馬場合算の騎手×調教師の相性成績である。"
山中悠希,新井清重,43,12-5-5-21,27.90%,51.20%,"【南関4場合算｜騎手×調教師 勝利数ランキング】
騎手：山中悠希
調教師：新井清重
成績：12-5-5-21
出走数：43
※このデータは南関4競馬場合算の騎手×調教師の相性成績である。"
野畑凌,鈴木義久,52,12-5-2-33,23.10%,36.50%,"【南関4場合算｜騎手×調教師 勝利数ランキング】
騎手：野畑凌
調教師：鈴木義久
成績：12-5-2-33
出走数：52
※このデータは南関4競馬場合算の騎手×調教師の相性成績である。"
山中悠希,佐々木清明,51,12-4-3-32,23.50%,37.30%,"【南関4場合算｜騎手×調教師 勝利数ランキング】
騎手：山中悠希
調教師：佐々木清明
成績：12-4-3-32
出走数：51
※このデータは南関4競馬場合算の騎手×調教師の相性成績である。"
笹川翼,稲益貴弘,23,12-3-2-6,52.20%,73.90%,"【南関4場合算｜騎手×調教師 勝利数ランキング】
騎手：笹川翼
調教師：稲益貴弘
成績：12-3-2-6
出走数：23
※このデータは南関4競馬場合算の騎手×調教師の相性成績である。"
藤田凌,阪本一栄,88,11-13-5-59,12.50%,33.00%,"【南関4場合算｜騎手×調教師 勝利数ランキング】
騎手：藤田凌
調教師：阪本一栄
成績：11-13-5-59
出走数：88
※このデータは南関4競馬場合算の騎手×調教師の相性成績である。"
高橋昭平,立花伸,104,11-11-8-74,10.60%,28.80%,"【南関4場合算｜騎手×調教師 勝利数ランキング】
騎手：高橋昭平
調教師：立花伸
成績：11-11-8-74
出走数：104
※このデータは南関4競馬場合算の騎手×調教師の相性成績である。"
笹川翼,加藤誠一,34,11-11-2-10,32.40%,70.60%,"【南関4場合算｜騎手×調教師 勝利数ランキング】
騎手：笹川翼
調教師：加藤誠一
成績：11-11-2-10
出走数：34
※このデータは南関4競馬場合算の騎手×調教師の相性成績である。"
菅原涼太,堀千亜樹,99,11-9-7-72,11.10%,27.30%,"【南関4場合算｜騎手×調教師 勝利数ランキング】
騎手：菅原涼太
調教師：堀千亜樹
成績：11-9-7-72
出走数：99
※このデータは南関4競馬場合算の騎手×調教師の相性成績である。"
本橋孝太,石井勝男,91,11-8-11-61,12.10%,33.00%,"【南関4場合算｜騎手×調教師 勝利数ランキング】
騎手：本橋孝太
調教師：石井勝男
成績：11-8-11-61
出走数：91
※このデータは南関4競馬場合算の騎手×調教師の相性成績である。"
矢野貴之,荒山勝徳,37,11-8-2-16,29.70%,56.80%,"【南関4場合算｜騎手×調教師 勝利数ランキング】
騎手：矢野貴之
調教師：荒山勝徳
成績：11-8-2-16
出走数：37
※このデータは南関4競馬場合算の騎手×調教師の相性成績である。"
矢野貴之,川島正一,38,11-7-4-16,28.90%,57.90%,"【南関4場合算｜騎手×調教師 勝利数ランキング】
騎手：矢野貴之
調教師：川島正一
成績：11-7-4-16
出走数：38
※このデータは南関4競馬場合算の騎手×調教師の相性成績である。"
矢野貴之,鈴木啓之,28,11-7-2-8,39.30%,71.40%,"【南関4場合算｜騎手×調教師 勝利数ランキング】
騎手：矢野貴之
調教師：鈴木啓之
成績：11-7-2-8
出走数：28
※このデータは南関4競馬場合算の騎手×調教師の相性成績である。"
野畑凌,水野貴史,51,11-4-4-32,21.60%,37.30%,"【南関4場合算｜騎手×調教師 勝利数ランキング】
騎手：野畑凌
調教師：水野貴史
成績：11-4-4-32
出走数：51
※このデータは南関4競馬場合算の騎手×調教師の相性成績である。"
野畑凌,坂井英光,37,11-3-1-22,29.70%,40.50%,"【南関4場合算｜騎手×調教師 勝利数ランキング】
騎手：野畑凌
調教師：坂井英光
成績：11-3-1-22
出走数：37
※このデータは南関4競馬場合算の騎手×調教師の相性成績である。"
岡村健司,平山真希,76,10-15-10-41,13.20%,46.10%,"【南関4場合算｜騎手×調教師 勝利数ランキング】
騎手：岡村健司
調教師：平山真希
成績：10-15-10-41
出走数：76
※このデータは南関4競馬場合算の騎手×調教師の相性成績である。"
町田直希,平田正一,71,10-15-10-36,14.10%,49.30%,"【南関4場合算｜騎手×調教師 勝利数ランキング】
騎手：町田直希
調教師：平田正一
成績：10-15-10-36
出走数：71
※このデータは南関4競馬場合算の騎手×調教師の相性成績である。"
達城龍次,鈴木啓之,73,10-12-8-43,13.70%,41.10%,"【南関4場合算｜騎手×調教師 勝利数ランキング】
騎手：達城龍次
調教師：鈴木啓之
成績：10-12-8-43
出走数：73
※このデータは南関4競馬場合算の騎手×調教師の相性成績である。"
山崎誠士,山崎尋美,104,10-11-11-72,9.60%,30.80%,"【南関4場合算｜騎手×調教師 勝利数ランキング】
騎手：山崎誠士
調教師：山崎尋美
成績：10-11-11-72
出走数：104
※このデータは南関4競馬場合算の騎手×調教師の相性成績である。"
本橋孝太,小久保智,56,10-7-4-35,17.90%,37.50%,"【南関4場合算｜騎手×調教師 勝利数ランキング】
騎手：本橋孝太
調教師：小久保智
成績：10-7-4-35
出走数：56
※このデータは南関4競馬場合算の騎手×調教師の相性成績である。"
山中悠希,小澤宏次,68,10-6-5-47,14.70%,30.90%,"【南関4場合算｜騎手×調教師 勝利数ランキング】
騎手：山中悠希
調教師：小澤宏次
成績：10-6-5-47
出走数：68
※このデータは南関4競馬場合算の騎手×調教師の相性成績である。"
笹川翼,真島大輔,27,10-6-4-7,37.00%,74.10%,"【南関4場合算｜騎手×調教師 勝利数ランキング】
騎手：笹川翼
調教師：真島大輔
成績：10-6-4-7
出走数：27
※このデータは南関4競馬場合算の騎手×調教師の相性成績である。"
鷹見陸,米田英世,21,10-4-0-7,47.60%,66.70%,"【南関4場合算｜騎手×調教師 勝利数ランキング】
騎手：鷹見陸
調教師：米田英世
成績：10-4-0-7
出走数：21
※このデータは南関4競馬場合算の騎手×調教師の相性成績である。"
野畑凌,甲田悟史,30,10-3-3-14,33.30%,53.30%,"【南関4場合算｜騎手×調教師 勝利数ランキング】
騎手：野畑凌
調教師：甲田悟史
成績：10-3-3-14
出走数：30
※このデータは南関4競馬場合算の騎手×調教師の相性成績である。"
吉井章,松浦裕之,133,9-13-22-89,6.80%,33.10%,"【南関4場合算｜騎手×調教師 勝利数ランキング】
騎手：吉井章
調教師：松浦裕之
成績：9-13-22-89
出走数：133
※このデータは南関4競馬場合算の騎手×調教師の相性成績である。"
町田直希,内田勝義,78,9-12-9-48,11.50%,38.50%,"【南関4場合算｜騎手×調教師 勝利数ランキング】
騎手：町田直希
調教師：内田勝義
成績：9-12-9-48
出走数：78
※このデータは南関4競馬場合算の騎手×調教師の相性成績である。"
笠野雄大,山中尊徳,107,9-12-8-78,8.40%,27.10%,"【南関4場合算｜騎手×調教師 勝利数ランキング】
騎手：笠野雄大
調教師：山中尊徳
成績：9-12-8-78
出走数：107
※このデータは南関4競馬場合算の騎手×調教師の相性成績である。"
福原杏,平山真希,56,9-9-6-32,16.10%,42.90%,"【南関4場合算｜騎手×調教師 勝利数ランキング】
騎手：福原杏
調教師：平山真希
成績：9-9-6-32
出走数：56
※このデータは南関4競馬場合算の騎手×調教師の相性成績である。"
笹川翼,中道啓二,33,9-8-4-12,27.30%,63.60%,"【南関4場合算｜騎手×調教師 勝利数ランキング】
騎手：笹川翼
調教師：中道啓二
成績：9-8-4-12
出走数：33
※このデータは南関4競馬場合算の騎手×調教師の相性成績である。"
町田直希,繁田健一,58,9-7-6-36,15.50%,37.90%,"【南関4場合算｜騎手×調教師 勝利数ランキング】
騎手：町田直希
調教師：繁田健一
成績：9-7-6-36
出走数：58
※このデータは南関4競馬場合算の騎手×調教師の相性成績である。"
笹川翼,森下淳平,28,9-6-5-8,32.10%,71.40%,"【南関4場合算｜騎手×調教師 勝利数ランキング】
騎手：笹川翼
調教師：森下淳平
成績：9-6-5-8
出走数：28
※このデータは南関4競馬場合算の騎手×調教師の相性成績である。"
佐野遥久,山崎裕也,27,9-5-0-13,33.30%,51.90%,"【南関4場合算｜騎手×調教師 勝利数ランキング】
騎手：佐野遥久
調教師：山崎裕也
成績：9-5-0-13
出走数：27
※このデータは南関4競馬場合算の騎手×調教師の相性成績である。"
保園翔也,野口寛仁,70,9-4-5-52,12.90%,25.70%,"【南関4場合算｜騎手×調教師 勝利数ランキング】
騎手：保園翔也
調教師：野口寛仁
成績：9-4-5-52
出走数：70
※このデータは南関4競馬場合算の騎手×調教師の相性成績である。"
野畑凌,新井清重,37,9-4-4-20,24.30%,45.90%,"【南関4場合算｜騎手×調教師 勝利数ランキング】
騎手：野畑凌
調教師：新井清重
成績：9-4-4-20
出走数：37
※このデータは南関4競馬場合算の騎手×調教師の相性成績である。"
見越彬央,小久保智,58,9-4-4-41,15.50%,29.30%,"【南関4場合算｜騎手×調教師 勝利数ランキング】
騎手：見越彬央
調教師：小久保智
成績：9-4-4-41
出走数：58
※このデータは南関4競馬場合算の騎手×調教師の相性成績である。"
和田譲治,真島大輔,23,9-4-2-8,39.10%,65.20%,"【南関4場合算｜騎手×調教師 勝利数ランキング】
騎手：和田譲治
調教師：真島大輔
成績：9-4-2-8
出走数：23
※このデータは南関4競馬場合算の騎手×調教師の相性成績である。"
藤田凌,荒山勝徳,30,9-4-0-17,30.00%,43.30%,"【南関4場合算｜騎手×調教師 勝利数ランキング】
騎手：藤田凌
調教師：荒山勝徳
成績：9-4-0-17
出走数：30
※このデータは南関4競馬場合算の騎手×調教師の相性成績である。"
本田正重,山中尊徳,28,9-3-4-12,32.10%,57.10%,"【南関4場合算｜騎手×調教師 勝利数ランキング】
騎手：本田正重
調教師：山中尊徳
成績：9-3-4-12
出走数：28
※このデータは南関4競馬場合算の騎手×調教師の相性成績である。"
御神本訓史,藤田輝信,32,9-2-3-18,28.10%,43.80%,"【南関4場合算｜騎手×調教師 勝利数ランキング】
騎手：御神本訓史
調教師：藤田輝信
成績：9-2-3-18
出走数：32
※このデータは南関4競馬場合算の騎手×調教師の相性成績である。"
山中悠希,田中力,31,9-1-2-19,29.00%,38.70%,"【南関4場合算｜騎手×調教師 勝利数ランキング】
騎手：山中悠希
調教師：田中力
成績：9-1-2-19
出走数：31
※このデータは南関4競馬場合算の騎手×調教師の相性成績である。"
木間塚龍馬,矢野義幸,262,8-17-20-217,3.10%,17.20%,"【南関4場合算｜騎手×調教師 勝利数ランキング】
騎手：木間塚龍馬
調教師：矢野義幸
成績：8-17-20-217
出走数：262
※このデータは南関4競馬場合算の騎手×調教師の相性成績である。"
山本大翔,佐藤裕太,52,8-9-4-31,15.40%,40.40%,"【南関4場合算｜騎手×調教師 勝利数ランキング】
騎手：山本大翔
調教師：佐藤裕太
成績：8-9-4-31
出走数：52
※このデータは南関4競馬場合算の騎手×調教師の相性成績である。"
新原周馬,林隆之,61,8-8-4-41,13.10%,32.80%,"【南関4場合算｜騎手×調教師 勝利数ランキング】
騎手：新原周馬
調教師：林隆之
成績：8-8-4-41
出走数：61
※このデータは南関4競馬場合算の騎手×調教師の相性成績である。"
野畑凌,箕輪武,42,8-8-3-23,19.00%,45.20%,"【南関4場合算｜騎手×調教師 勝利数ランキング】
騎手：野畑凌
調教師：箕輪武
成績：8-8-3-23
出走数：42
※このデータは南関4競馬場合算の騎手×調教師の相性成績である。"
野畑凌,秋山直之,45,8-7-6-24,17.80%,46.70%,"【南関4場合算｜騎手×調教師 勝利数ランキング】
騎手：野畑凌
調教師：秋山直之
成績：8-7-6-24
出走数：45
※このデータは南関4競馬場合算の騎手×調教師の相性成績である。"
矢野貴之,市村誠,40,8-7-4-21,20.00%,47.50%,"【南関4場合算｜騎手×調教師 勝利数ランキング】
騎手：矢野貴之
調教師：市村誠
成績：8-7-4-21
出走数：40
※このデータは南関4競馬場合算の騎手×調教師の相性成績である。"
西啓太,荒井朋弘,73,8-6-7-52,11.00%,28.80%,"【南関4場合算｜騎手×調教師 勝利数ランキング】
騎手：西啓太
調教師：荒井朋弘
成績：8-6-7-52
出走数：73
※このデータは南関4競馬場合算の騎手×調教師の相性成績である。"
笹川翼,宇野木博徳,25,8-5-4-8,32.00%,68.00%,"【南関4場合算｜騎手×調教師 勝利数ランキング】
騎手：笹川翼
調教師：宇野木博徳
成績：8-5-4-8
出走数：25
※このデータは南関4競馬場合算の騎手×調教師の相性成績である。"
川島正太郎,渡邊貴光,26,8-5-3-10,30.80%,61.50%,"【南関4場合算｜騎手×調教師 勝利数ランキング】
騎手：川島正太郎
調教師：渡邊貴光
成績：8-5-3-10
出走数：26
※このデータは南関4競馬場合算の騎手×調教師の相性成績である。"
落合玄太,小久保智,34,8-4-7-15,23.50%,55.90%,"【南関4場合算｜騎手×調教師 勝利数ランキング】
騎手：落合玄太
調教師：小久保智
成績：8-4-7-15
出走数：34
※このデータは南関4競馬場合算の騎手×調教師の相性成績である。"
吉原寛人,小久保智,29,8-4-3-14,27.60%,51.70%,"【南関4場合算｜騎手×調教師 勝利数ランキング】
騎手：吉原寛人
調教師：小久保智
成績：8-4-3-14
出走数：29
※このデータは南関4競馬場合算の騎手×調教師の相性成績である。"
佐野遥久,高橋宏征,40,8-3-8-21,20.00%,47.50%,"【南関4場合算｜騎手×調教師 勝利数ランキング】
騎手：佐野遥久
調教師：高橋宏征
成績：8-3-8-21
出走数：40
※このデータは南関4競馬場合算の騎手×調教師の相性成績である。"
御神本訓史,酒井忍,18,8-3-1-6,44.40%,66.70%,"【南関4場合算｜騎手×調教師 勝利数ランキング】
騎手：御神本訓史
調教師：酒井忍
成績：8-3-1-6
出走数：18
※このデータは南関4競馬場合算の騎手×調教師の相性成績である。"
和田譲治,坂井英光,13,8-0-1-4,61.50%,69.20%,"【南関4場合算｜騎手×調教師 勝利数ランキング】
騎手：和田譲治
調教師：坂井英光
成績：8-0-1-4
出走数：13
※このデータは南関4競馬場合算の騎手×調教師の相性成績である。"
山中悠希,佐藤裕太,62,7-10-7-38,11.30%,38.70%,"【南関4場合算｜騎手×調教師 勝利数ランキング】
騎手：山中悠希
調教師：佐藤裕太
成績：7-10-7-38
出走数：62
※このデータは南関4競馬場合算の騎手×調教師の相性成績である。"
笹川翼,田島寿一,41,7-10-5-19,17.10%,53.70%,"【南関4場合算｜騎手×調教師 勝利数ランキング】
騎手：笹川翼
調教師：田島寿一
成績：7-10-5-19
出走数：41
※このデータは南関4競馬場合算の騎手×調教師の相性成績である。"
藤田凌,立花伸,35,7-9-4-15,20.00%,57.10%,"【南関4場合算｜騎手×調教師 勝利数ランキング】
騎手：藤田凌
調教師：立花伸
成績：7-9-4-15
出走数：35
※このデータは南関4競馬場合算の騎手×調教師の相性成績である。"
佐野遥久,久保秀男,82,7-8-10-57,8.50%,30.50%,"【南関4場合算｜騎手×調教師 勝利数ランキング】
騎手：佐野遥久
調教師：久保秀男
成績：7-8-10-57
出走数：82
※このデータは南関4競馬場合算の騎手×調教師の相性成績である。"
矢野貴之,加藤誠一,33,7-8-5-13,21.20%,60.60%,"【南関4場合算｜騎手×調教師 勝利数ランキング】
騎手：矢野貴之
調教師：加藤誠一
成績：7-8-5-13
出走数：33
※このデータは南関4競馬場合算の騎手×調教師の相性成績である。"
張田昂,宇野木博徳,42,7-7-7-21,16.70%,50.00%,"【南関4場合算｜騎手×調教師 勝利数ランキング】
騎手：張田昂
調教師：宇野木博徳
成績：7-7-7-21
出走数：42
※このデータは南関4競馬場合算の騎手×調教師の相性成績である。"
笹川翼,福永敏,46,7-7-6-26,15.20%,43.50%,"【南関4場合算｜騎手×調教師 勝利数ランキング】
騎手：笹川翼
調教師：福永敏
成績：7-7-6-26
出走数：46
※このデータは南関4競馬場合算の騎手×調教師の相性成績である。"
本田正重,水野貴史,25,7-5-2-11,28.00%,56.00%,"【南関4場合算｜騎手×調教師 勝利数ランキング】
騎手：本田正重
調教師：水野貴史
成績：7-5-2-11
出走数：25
※このデータは南関4競馬場合算の騎手×調教師の相性成績である。"
御神本訓史,渡邉和雄,20,7-5-0-8,35.00%,60.00%,"【南関4場合算｜騎手×調教師 勝利数ランキング】
騎手：御神本訓史
調教師：渡邉和雄
成績：7-5-0-8
出走数：20
※このデータは南関4競馬場合算の騎手×調教師の相性成績である。"
矢野貴之,的場直之,18,7-5-0-6,38.90%,66.70%,"【南関4場合算｜騎手×調教師 勝利数ランキング】
騎手：矢野貴之
調教師：的場直之
成績：7-5-0-6
出走数：18
※このデータは南関4競馬場合算の騎手×調教師の相性成績である。"
矢野貴之,田中正人,23,7-4-5-7,30.40%,69.60%,"【南関4場合算｜騎手×調教師 勝利数ランキング】
騎手：矢野貴之
調教師：田中正人
成績：7-4-5-7
出走数：23
※このデータは南関4競馬場合算の騎手×調教師の相性成績である。"
吉原寛人,内田勝義,34,7-4-2-21,20.60%,38.20%,"【南関4場合算｜騎手×調教師 勝利数ランキング】
騎手：吉原寛人
調教師：内田勝義
成績：7-4-2-21
出走数：34
※このデータは南関4競馬場合算の騎手×調教師の相性成績である。"
増田充宏,高月賢一,46,7-4-1-34,15.20%,26.10%,"【南関4場合算｜騎手×調教師 勝利数ランキング】
騎手：増田充宏
調教師：高月賢一
成績：7-4-1-34
出走数：46
※このデータは南関4競馬場合算の騎手×調教師の相性成績である。"
和田譲治,阪本一栄,31,7-4-1-19,22.60%,38.70%,"【南関4場合算｜騎手×調教師 勝利数ランキング】
騎手：和田譲治
調教師：阪本一栄
成績：7-4-1-19
出走数：31
※このデータは南関4競馬場合算の騎手×調教師の相性成績である。"
笹川翼,上杉昌宏,43,7-3-6-27,16.30%,37.20%,"【南関4場合算｜騎手×調教師 勝利数ランキング】
騎手：笹川翼
調教師：上杉昌宏
成績：7-3-6-27
出走数：43
※このデータは南関4競馬場合算の騎手×調教師の相性成績である。"
西啓太,橋本和馬,52,7-3-5-37,13.50%,28.80%,"【南関4場合算｜騎手×調教師 勝利数ランキング】
騎手：西啓太
調教師：橋本和馬
成績：7-3-5-37
出走数：52
※このデータは南関4競馬場合算の騎手×調教師の相性成績である。"
野畑凌,稲益貴弘,35,7-3-4-21,20.00%,40.00%,"【南関4場合算｜騎手×調教師 勝利数ランキング】
騎手：野畑凌
調教師：稲益貴弘
成績：7-3-4-21
出走数：35
※このデータは南関4競馬場合算の騎手×調教師の相性成績である。"
加藤雄真,河津裕昭,66,7-3-3-53,10.60%,19.70%,"【南関4場合算｜騎手×調教師 勝利数ランキング】
騎手：加藤雄真
調教師：河津裕昭
成績：7-3-3-53
出走数：66
※このデータは南関4競馬場合算の騎手×調教師の相性成績である。"
矢野貴之,酒井忍,16,7-3-1-5,43.80%,68.80%,"【南関4場合算｜騎手×調教師 勝利数ランキング】
騎手：矢野貴之
調教師：酒井忍
成績：7-3-1-5
出走数：16
※このデータは南関4競馬場合算の騎手×調教師の相性成績である。"
藤田凌,橋本和馬,54,7-2-8-37,13.00%,31.50%,"【南関4場合算｜騎手×調教師 勝利数ランキング】
騎手：藤田凌
調教師：橋本和馬
成績：7-2-8-37
出走数：54
※このデータは南関4競馬場合算の騎手×調教師の相性成績である。"
本田正重,的場直之,28,7-2-3-16,25.00%,42.90%,"【南関4場合算｜騎手×調教師 勝利数ランキング】
騎手：本田正重
調教師：的場直之
成績：7-2-3-16
出走数：28
※このデータは南関4競馬場合算の騎手×調教師の相性成績である。"
御神本訓史,山田信大,12,7-2-0-3,58.30%,75.00%,"【南関4場合算｜騎手×調教師 勝利数ランキング】
騎手：御神本訓史
調教師：山田信大
成績：7-2-0-3
出走数：12
※このデータは南関4競馬場合算の騎手×調教師の相性成績である。"
岡村健司,山本学,35,7-1-6-21,20.00%,40.00%,"【南関4場合算｜騎手×調教師 勝利数ランキング】
騎手：岡村健司
調教師：山本学
成績：7-1-6-21
出走数：35
※このデータは南関4競馬場合算の騎手×調教師の相性成績である。"
西啓太,佐宗応和,15,7-1-2-5,46.70%,66.70%,"【南関4場合算｜騎手×調教師 勝利数ランキング】
騎手：西啓太
調教師：佐宗応和
成績：7-1-2-5
出走数：15
※このデータは南関4競馬場合算の騎手×調教師の相性成績である。"
張田昂,山田信大,15,7-1-1-6,46.70%,60.00%,"【南関4場合算｜騎手×調教師 勝利数ランキング】
騎手：張田昂
調教師：山田信大
成績：7-1-1-6
出走数：15
※このデータは南関4競馬場合算の騎手×調教師の相性成績である。"
笹川翼,佐藤裕太,31,6-8-4-13,19.40%,58.10%,"【南関4場合算｜騎手×調教師 勝利数ランキング】
騎手：笹川翼
調教師：佐藤裕太
成績：6-8-4-13
出走数：31
※このデータは南関4競馬場合算の騎手×調教師の相性成績である。"
矢野貴之,森下淳平,23,6-8-3-6,26.10%,73.90%,"【南関4場合算｜騎手×調教師 勝利数ランキング】
騎手：矢野貴之
調教師：森下淳平
成績：6-8-3-6
出走数：23
※このデータは南関4競馬場合算の騎手×調教師の相性成績である。"
矢野貴之,澤佳宏,39,6-7-3-23,15.40%,41.00%,"【南関4場合算｜騎手×調教師 勝利数ランキング】
騎手：矢野貴之
調教師：澤佳宏
成績：6-7-3-23
出走数：39
※このデータは南関4競馬場合算の騎手×調教師の相性成績である。"
山中悠希,小久保智,75,6-7-2-60,8.00%,20.00%,"【南関4場合算｜騎手×調教師 勝利数ランキング】
騎手：山中悠希
調教師：小久保智
成績：6-7-2-60
出走数：75
※このデータは南関4競馬場合算の騎手×調教師の相性成績である。"
矢野貴之,小久保智,29,6-6-9-8,20.70%,72.40%,"【南関4場合算｜騎手×調教師 勝利数ランキング】
騎手：矢野貴之
調教師：小久保智
成績：6-6-9-8
出走数：29
※このデータは南関4競馬場合算の騎手×調教師の相性成績である。"
笹川翼,福田真広,31,6-5-4-16,19.40%,48.40%,"【南関4場合算｜騎手×調教師 勝利数ランキング】
騎手：笹川翼
調教師：福田真広
成績：6-5-4-16
出走数：31
※このデータは南関4競馬場合算の騎手×調教師の相性成績である。"
町田直希,鈴木義久,44,6-5-4-29,13.60%,34.10%,"【南関4場合算｜騎手×調教師 勝利数ランキング】
騎手：町田直希
調教師：鈴木義久
成績：6-5-4-29
出走数：44
※このデータは南関4競馬場合算の騎手×調教師の相性成績である。"
室陽一朗,宇野木博徳,107,6-4-12-85,5.60%,20.60%,"【南関4場合算｜騎手×調教師 勝利数ランキング】
騎手：室陽一朗
調教師：宇野木博徳
成績：6-4-12-85
出走数：107
※このデータは南関4競馬場合算の騎手×調教師の相性成績である。"
仲野光馬,渡邊貴光,35,6-4-6-19,17.10%,45.70%,"【南関4場合算｜騎手×調教師 勝利数ランキング】
騎手：仲野光馬
調教師：渡邊貴光
成績：6-4-6-19
出走数：35
※このデータは南関4競馬場合算の騎手×調教師の相性成績である。"
西啓太,小久保智,63,6-4-6-47,9.50%,25.40%,"【南関4場合算｜騎手×調教師 勝利数ランキング】
騎手：西啓太
調教師：小久保智
成績：6-4-6-47
出走数：63
※このデータは南関4競馬場合算の騎手×調教師の相性成績である。"
町田直希,高月賢一,33,6-4-5-18,18.20%,45.50%,"【南関4場合算｜騎手×調教師 勝利数ランキング】
騎手：町田直希
調教師：高月賢一
成績：6-4-5-18
出走数：33
※このデータは南関4競馬場合算の騎手×調教師の相性成績である。"
吉井章,鈴木啓之,43,6-4-5-28,14.00%,34.90%,"【南関4場合算｜騎手×調教師 勝利数ランキング】
騎手：吉井章
調教師：鈴木啓之
成績：6-4-5-28
出走数：43
※このデータは南関4競馬場合算の騎手×調教師の相性成績である。"
篠谷葵,山本学,24,6-4-4-10,25.00%,58.30%,"【南関4場合算｜騎手×調教師 勝利数ランキング】
騎手：篠谷葵
調教師：山本学
成績：6-4-4-10
出走数：24
※このデータは南関4競馬場合算の騎手×調教師の相性成績である。"
矢野貴之,佐々木仁,33,6-4-3-20,18.20%,39.40%,"【南関4場合算｜騎手×調教師 勝利数ランキング】
騎手：矢野貴之
調教師：佐々木仁
成績：6-4-3-20
出走数：33
※このデータは南関4競馬場合算の騎手×調教師の相性成績である。"
笹川翼,田中正人,19,6-3-5-5,31.60%,73.70%,"【南関4場合算｜騎手×調教師 勝利数ランキング】
騎手：笹川翼
調教師：田中正人
成績：6-3-5-5
出走数：19
※このデータは南関4競馬場合算の騎手×調教師の相性成績である。"
和田譲治,福永敏,37,6-3-5-23,16.20%,37.80%,"【南関4場合算｜騎手×調教師 勝利数ランキング】
騎手：和田譲治
調教師：福永敏
成績：6-3-5-23
出走数：37
※このデータは南関4競馬場合算の騎手×調教師の相性成績である。"
七夕裕次郎,横山保,29,6-3-3-17,20.70%,41.40%,"【南関4場合算｜騎手×調教師 勝利数ランキング】
騎手：七夕裕次郎
調教師：横山保
成績：6-3-3-17
出走数：29
※このデータは南関4競馬場合算の騎手×調教師の相性成績である。"
本田正重,荒山勝徳,13,6-3-2-2,46.20%,84.60%,"【南関4場合算｜騎手×調教師 勝利数ランキング】
騎手：本田正重
調教師：荒山勝徳
成績：6-3-2-2
出走数：13
※このデータは南関4競馬場合算の騎手×調教師の相性成績である。"
山中悠希,繁田健一,10,6-3-0-1,60.00%,90.00%,"【南関4場合算｜騎手×調教師 勝利数ランキング】
騎手：山中悠希
調教師：繁田健一
成績：6-3-0-1
出走数：10
※このデータは南関4競馬場合算の騎手×調教師の相性成績である。"
野畑凌,小澤宏次,29,6-2-3-18,20.70%,37.90%,"【南関4場合算｜騎手×調教師 勝利数ランキング】
騎手：野畑凌
調教師：小澤宏次
成績：6-2-3-18
出走数：29
※このデータは南関4競馬場合算の騎手×調教師の相性成績である。"
御神本訓史,上杉昌宏,13,6-2-0-5,46.20%,61.50%,"【南関4場合算｜騎手×調教師 勝利数ランキング】
騎手：御神本訓史
調教師：上杉昌宏
成績：6-2-0-5
出走数：13
※このデータは南関4競馬場合算の騎手×調教師の相性成績である。"
藤本現暉,佐々木功,51,6-1-8-36,11.80%,29.40%,"【南関4場合算｜騎手×調教師 勝利数ランキング】
騎手：藤本現暉
調教師：佐々木功
成績：6-1-8-36
出走数：51
※このデータは南関4競馬場合算の騎手×調教師の相性成績である。"
岡村健司,林隆之,19,6-1-6-6,31.60%,68.40%,"【南関4場合算｜騎手×調教師 勝利数ランキング】
騎手：岡村健司
調教師：林隆之
成績：6-1-6-6
出走数：19
※このデータは南関4競馬場合算の騎手×調教師の相性成績である。"
和田譲治,蛯名雄太,23,6-1-4-12,26.10%,47.80%,"【南関4場合算｜騎手×調教師 勝利数ランキング】
騎手：和田譲治
調教師：蛯名雄太
成績：6-1-4-12
出走数：23
※このデータは南関4競馬場合算の騎手×調教師の相性成績である。"
野畑凌,松浦裕之,32,6-1-2-23,18.80%,28.10%,"【南関4場合算｜騎手×調教師 勝利数ランキング】
騎手：野畑凌
調教師：松浦裕之
成績：6-1-2-23
出走数：32
※このデータは南関4競馬場合算の騎手×調教師の相性成績である。"
矢野貴之,高野毅,33,6-1-2-24,18.20%,27.30%,"【南関4場合算｜騎手×調教師 勝利数ランキング】
騎手：矢野貴之
調教師：高野毅
成績：6-1-2-24
出走数：33
※このデータは南関4競馬場合算の騎手×調教師の相性成績である。"
千田洋,的場直之,13,6-1-1-5,46.20%,61.50%,"【南関4場合算｜騎手×調教師 勝利数ランキング】
騎手：千田洋
調教師：的場直之
成績：6-1-1-5
出走数：13
※このデータは南関4競馬場合算の騎手×調教師の相性成績である。"
御神本訓史,河津裕昭,7,6-1-0-0,85.70%,100.00%,"【南関4場合算｜騎手×調教師 勝利数ランキング】
騎手：御神本訓史
調教師：河津裕昭
成績：6-1-0-0
出走数：7
※このデータは南関4競馬場合算の騎手×調教師の相性成績である。"
小野俊斗,宗形竹見,40,6-0-4-30,15.00%,25.00%,"【南関4場合算｜騎手×調教師 勝利数ランキング】
騎手：小野俊斗
調教師：宗形竹見
成績：6-0-4-30
出走数：40
※このデータは南関4競馬場合算の騎手×調教師の相性成績である。"
和田譲治,中道啓二,21,6-0-4-11,28.60%,47.60%,"【南関4場合算｜騎手×調教師 勝利数ランキング】
騎手：和田譲治
調教師：中道啓二
成績：6-0-4-11
出走数：21
※このデータは南関4競馬場合算の騎手×調教師の相性成績である。"
山本聡哉,山下貴之,16,6-0-2-8,37.50%,50.00%,"【南関4場合算｜騎手×調教師 勝利数ランキング】
騎手：山本聡哉
調教師：山下貴之
成績：6-0-2-8
出走数：16
※このデータは南関4競馬場合算の騎手×調教師の相性成績である。"
本田正重,福田真広,44,5-11-8-20,11.40%,54.50%,"【南関4場合算｜騎手×調教師 勝利数ランキング】
騎手：本田正重
調教師：福田真広
成績：5-11-8-20
出走数：44
※このデータは南関4競馬場合算の騎手×調教師の相性成績である。"
見越彬央,鹿沼良和,59,5-9-5-40,8.50%,32.20%,"【南関4場合算｜騎手×調教師 勝利数ランキング】
騎手：見越彬央
調教師：鹿沼良和
成績：5-9-5-40
出走数：59
※このデータは南関4競馬場合算の騎手×調教師の相性成績である。"
西啓太,田中正人,48,5-9-3-31,10.40%,35.40%,"【南関4場合算｜騎手×調教師 勝利数ランキング】
騎手：西啓太
調教師：田中正人
成績：5-9-3-31
出走数：48
※このデータは南関4競馬場合算の騎手×調教師の相性成績である。"
川島正太郎,岩崎真樹,46,5-8-7-26,10.90%,43.50%,"【南関4場合算｜騎手×調教師 勝利数ランキング】
騎手：川島正太郎
調教師：岩崎真樹
成績：5-8-7-26
出走数：46
※このデータは南関4競馬場合算の騎手×調教師の相性成績である。"
矢野貴之,月岡健二,33,5-8-6-14,15.20%,57.60%,"【南関4場合算｜騎手×調教師 勝利数ランキング】
騎手：矢野貴之
調教師：月岡健二
成績：5-8-6-14
出走数：33
※このデータは南関4競馬場合算の騎手×調教師の相性成績である。"
笹川翼,水野貴史,28,5-8-2-13,17.90%,53.60%,"【南関4場合算｜騎手×調教師 勝利数ランキング】
騎手：笹川翼
調教師：水野貴史
成績：5-8-2-13
出走数：28
※このデータは南関4競馬場合算の騎手×調教師の相性成績である。"
福原杏,小澤宏次,51,5-7-7-32,9.80%,37.30%,"【南関4場合算｜騎手×調教師 勝利数ランキング】
騎手：福原杏
調教師：小澤宏次
成績：5-7-7-32
出走数：51
※このデータは南関4競馬場合算の騎手×調教師の相性成績である。"
川島正太郎,稲益貴弘,35,5-7-4-19,14.30%,45.70%,"【南関4場合算｜騎手×調教師 勝利数ランキング】
騎手：川島正太郎
調教師：稲益貴弘
成績：5-7-4-19
出走数：35
※このデータは南関4競馬場合算の騎手×調教師の相性成績である。"
笹川翼,川島正一,33,5-7-2-19,15.20%,42.40%,"【南関4場合算｜騎手×調教師 勝利数ランキング】
騎手：笹川翼
調教師：川島正一
成績：5-7-2-19
出走数：33
※このデータは南関4競馬場合算の騎手×調教師の相性成績である。"
笹川翼,山崎裕也,31,5-7-2-17,16.10%,45.20%,"【南関4場合算｜騎手×調教師 勝利数ランキング】
騎手：笹川翼
調教師：山崎裕也
成績：5-7-2-17
出走数：31
※このデータは南関4競馬場合算の騎手×調教師の相性成績である。"
達城龍次,鷹見浩,60,5-6-11-38,8.30%,36.70%,"【南関4場合算｜騎手×調教師 勝利数ランキング】
騎手：達城龍次
調教師：鷹見浩
成績：5-6-11-38
出走数：60
※このデータは南関4競馬場合算の騎手×調教師の相性成績である。"
安藤洋一,月岡健二,61,5-6-6-44,8.20%,27.90%,"【南関4場合算｜騎手×調教師 勝利数ランキング】
騎手：安藤洋一
調教師：月岡健二
成績：5-6-6-44
出走数：61
※このデータは南関4競馬場合算の騎手×調教師の相性成績である。"
矢野貴之,上杉昌宏,38,5-6-5-22,13.20%,42.10%,"【南関4場合算｜騎手×調教師 勝利数ランキング】
騎手：矢野貴之
調教師：上杉昌宏
成績：5-6-5-22
出走数：38
※このデータは南関4競馬場合算の騎手×調教師の相性成績である。"
御神本訓史,福永敏,26,5-6-3-12,19.20%,53.80%,"【南関4場合算｜騎手×調教師 勝利数ランキング】
騎手：御神本訓史
調教師：福永敏
成績：5-6-3-12
出走数：26
※このデータは南関4競馬場合算の騎手×調教師の相性成績である。"
矢野貴之,齊藤敏,27,5-6-3-13,18.50%,51.90%,"【南関4場合算｜騎手×調教師 勝利数ランキング】
騎手：矢野貴之
調教師：齊藤敏
成績：5-6-3-13
出走数：27
※このデータは南関4競馬場合算の騎手×調教師の相性成績である。"
笹川翼,山田信大,21,5-6-0-10,23.80%,52.40%,"【南関4場合算｜騎手×調教師 勝利数ランキング】
騎手：笹川翼
調教師：山田信大
成績：5-6-0-10
出走数：21
※このデータは南関4競馬場合算の騎手×調教師の相性成績である。"
西啓太,藤原智行,39,5-5-5-24,12.80%,38.50%,"【南関4場合算｜騎手×調教師 勝利数ランキング】
騎手：西啓太
調教師：藤原智行
成績：5-5-5-24
出走数：39
※このデータは南関4競馬場合算の騎手×調教師の相性成績である。"
町田直希,宇野木博徳,31,5-5-5-16,16.10%,48.40%,"【南関4場合算｜騎手×調教師 勝利数ランキング】
騎手：町田直希
調教師：宇野木博徳
成績：5-5-5-16
出走数：31
※このデータは南関4競馬場合算の騎手×調教師の相性成績である。"
本田正重,佐藤裕太,25,5-5-4-11,20.00%,56.00%,"【南関4場合算｜騎手×調教師 勝利数ランキング】
騎手：本田正重
調教師：佐藤裕太
成績：5-5-4-11
出走数：25
※このデータは南関4競馬場合算の騎手×調教師の相性成績である。"
張田昂,平山真希,37,5-5-3-24,13.50%,35.10%,"【南関4場合算｜騎手×調教師 勝利数ランキング】
騎手：張田昂
調教師：平山真希
成績：5-5-3-24
出走数：37
※このデータは南関4競馬場合算の騎手×調教師の相性成績である。"
本田正重,佐藤博紀,22,5-5-1-11,22.70%,50.00%,"【南関4場合算｜騎手×調教師 勝利数ランキング】
騎手：本田正重
調教師：佐藤博紀
成績：5-5-1-11
出走数：22
※このデータは南関4競馬場合算の騎手×調教師の相性成績である。"
和田譲治,赤嶺亮,33,5-5-0-23,15.20%,30.30%,"【南関4場合算｜騎手×調教師 勝利数ランキング】
騎手：和田譲治
調教師：赤嶺亮
成績：5-5-0-23
出走数：33
※このデータは南関4競馬場合算の騎手×調教師の相性成績である。"
中村尚平,渡邉和雄,67,5-4-4-54,7.50%,19.40%,"【南関4場合算｜騎手×調教師 勝利数ランキング】
騎手：中村尚平
調教師：渡邉和雄
成績：5-4-4-54
出走数：67
※このデータは南関4競馬場合算の騎手×調教師の相性成績である。"
秋元耕成,鹿沼良和,18,5-4-3-6,27.80%,66.70%,"【南関4場合算｜騎手×調教師 勝利数ランキング】
騎手：秋元耕成
調教師：鹿沼良和
成績：5-4-3-6
出走数：18
※このデータは南関4競馬場合算の騎手×調教師の相性成績である。"
七夕裕次郎,小林真治,24,5-4-1-14,20.80%,41.70%,"【南関4場合算｜騎手×調教師 勝利数ランキング】
騎手：七夕裕次郎
調教師：小林真治
成績：5-4-1-14
出走数：24
※このデータは南関4競馬場合算の騎手×調教師の相性成績である。"
笹川翼,藤田輝信,22,5-3-5-9,22.70%,59.10%,"【南関4場合算｜騎手×調教師 勝利数ランキング】
騎手：笹川翼
調教師：藤田輝信
成績：5-3-5-9
出走数：22
※このデータは南関4競馬場合算の騎手×調教師の相性成績である。"
吉井章,立花伸,31,5-3-4-19,16.10%,38.70%,"【南関4場合算｜騎手×調教師 勝利数ランキング】
騎手：吉井章
調教師：立花伸
成績：5-3-4-19
出走数：31
※このデータは南関4競馬場合算の騎手×調教師の相性成績である。"
吉原寛人,荒山勝徳,16,5-3-3-5,31.30%,68.80%,"【南関4場合算｜騎手×調教師 勝利数ランキング】
騎手：吉原寛人
調教師：荒山勝徳
成績：5-3-3-5
出走数：16
※このデータは南関4競馬場合算の騎手×調教師の相性成績である。"
矢野貴之,高橋清顕,26,5-2-8-11,19.20%,57.70%,"【南関4場合算｜騎手×調教師 勝利数ランキング】
騎手：矢野貴之
調教師：高橋清顕
成績：5-2-8-11
出走数：26
※このデータは南関4競馬場合算の騎手×調教師の相性成績である。"
岡村健司,酒井一則,35,5-2-3-25,14.30%,28.60%,"【南関4場合算｜騎手×調教師 勝利数ランキング】
騎手：岡村健司
調教師：酒井一則
成績：5-2-3-25
出走数：35
※このデータは南関4競馬場合算の騎手×調教師の相性成績である。"
山中悠希,中道啓二,32,5-2-3-22,15.60%,31.30%,"【南関4場合算｜騎手×調教師 勝利数ランキング】
騎手：山中悠希
調教師：中道啓二
成績：5-2-3-22
出走数：32
※このデータは南関4競馬場合算の騎手×調教師の相性成績である。"
藤田凌,蛯名雄太,32,5-2-2-23,15.60%,28.10%,"【南関4場合算｜騎手×調教師 勝利数ランキング】
騎手：藤田凌
調教師：蛯名雄太
成績：5-2-2-23
出走数：32
※このデータは南関4競馬場合算の騎手×調教師の相性成績である。"
笹川翼,林隆之,23,5-2-1-15,21.70%,34.80%,"【南関4場合算｜騎手×調教師 勝利数ランキング】
騎手：笹川翼
調教師：林隆之
成績：5-2-1-15
出走数：23
※このデータは南関4競馬場合算の騎手×調教師の相性成績である。"
野畑凌,荒山勝徳,15,5-2-1-7,33.30%,53.30%,"【南関4場合算｜騎手×調教師 勝利数ランキング】
騎手：野畑凌
調教師：荒山勝徳
成績：5-2-1-7
出走数：15
※このデータは南関4競馬場合算の騎手×調教師の相性成績である。"
保園翔也,川村守男,81,5-1-11-64,6.20%,21.00%,"【南関4場合算｜騎手×調教師 勝利数ランキング】
騎手：保園翔也
調教師：川村守男
成績：5-1-11-64
出走数：81
※このデータは南関4競馬場合算の騎手×調教師の相性成績である。"
福原杏,繁田健一,22,5-1-4-12,22.70%,45.50%,"【南関4場合算｜騎手×調教師 勝利数ランキング】
騎手：福原杏
調教師：繁田健一
成績：5-1-4-12
出走数：22
※このデータは南関4競馬場合算の騎手×調教師の相性成績である。"
藤本現暉,真島大輔,21,5-1-3-12,23.80%,42.90%,"【南関4場合算｜騎手×調教師 勝利数ランキング】
騎手：藤本現暉
調教師：真島大輔
成績：5-1-3-12
出走数：21
※このデータは南関4競馬場合算の騎手×調教師の相性成績である。"
岡村裕基,武井和実,18,5-1-0-12,27.80%,33.30%,"【南関4場合算｜騎手×調教師 勝利数ランキング】
騎手：岡村裕基
調教師：武井和実
成績：5-1-0-12
出走数：18
※このデータは南関4競馬場合算の騎手×調教師の相性成績である。"
篠谷葵,稲益貴弘,16,5-1-0-10,31.30%,37.50%,"【南関4場合算｜騎手×調教師 勝利数ランキング】
騎手：篠谷葵
調教師：稲益貴弘
成績：5-1-0-10
出走数：16
※このデータは南関4競馬場合算の騎手×調教師の相性成績である。"
野畑凌,繁田健一,18,5-0-3-10,27.80%,44.40%,"【南関4場合算｜騎手×調教師 勝利数ランキング】
騎手：野畑凌
調教師：繁田健一
成績：5-0-3-10
出走数：18
※このデータは南関4競馬場合算の騎手×調教師の相性成績である。"
御神本訓史,内田勝義,16,5-0-3-8,31.30%,50.00%,"【南関4場合算｜騎手×調教師 勝利数ランキング】
騎手：御神本訓史
調教師：内田勝義
成績：5-0-3-8
出走数：16
※このデータは南関4競馬場合算の騎手×調教師の相性成績である。"
藤本現暉,鷹見浩,41,5-0-2-34,12.20%,17.10%,"【南関4場合算｜騎手×調教師 勝利数ランキング】
騎手：藤本現暉
調教師：鷹見浩
成績：5-0-2-34
出走数：41
※このデータは南関4競馬場合算の騎手×調教師の相性成績である。"
吉井章,森下淳平,13,5-0-1-7,38.50%,46.20%,"【南関4場合算｜騎手×調教師 勝利数ランキング】
騎手：吉井章
調教師：森下淳平
成績：5-0-1-7
出走数：13
※このデータは南関4競馬場合算の騎手×調教師の相性成績である。"
吉原寛人,福永敏,40,4-7-7-22,10.00%,45.00%,"【南関4場合算｜騎手×調教師 勝利数ランキング】
騎手：吉原寛人
調教師：福永敏
成績：4-7-7-22
出走数：40
※このデータは南関4競馬場合算の騎手×調教師の相性成績である。"
笹川翼,米谷康秀,28,4-7-3-14,14.30%,50.00%,"【南関4場合算｜騎手×調教師 勝利数ランキング】
騎手：笹川翼
調教師：米谷康秀
成績：4-7-3-14
出走数：28
※このデータは南関4競馬場合算の騎手×調教師の相性成績である。"
篠谷葵,林正人,49,4-7-3-35,8.20%,28.60%,"【南関4場合算｜騎手×調教師 勝利数ランキング】
騎手：篠谷葵
調教師：林正人
成績：4-7-3-35
出走数：49
※このデータは南関4競馬場合算の騎手×調教師の相性成績である。"
千田洋,松浦裕之,50,4-7-3-36,8.00%,28.00%,"【南関4場合算｜騎手×調教師 勝利数ランキング】
騎手：千田洋
調教師：松浦裕之
成績：4-7-3-36
出走数：50
※このデータは南関4競馬場合算の騎手×調教師の相性成績である。"
神尾香澄,山田質,78,4-6-5-63,5.10%,19.20%,"【南関4場合算｜騎手×調教師 勝利数ランキング】
騎手：神尾香澄
調教師：山田質
成績：4-6-5-63
出走数：78
※このデータは南関4競馬場合算の騎手×調教師の相性成績である。"
矢野貴之,鈴木義久,27,4-6-4-13,14.80%,51.90%,"【南関4場合算｜騎手×調教師 勝利数ランキング】
騎手：矢野貴之
調教師：鈴木義久
成績：4-6-4-13
出走数：27
※このデータは南関4競馬場合算の騎手×調教師の相性成績である。"
見越彬央,川島豊,44,4-6-3-31,9.10%,29.50%,"【南関4場合算｜騎手×調教師 勝利数ランキング】
騎手：見越彬央
調教師：川島豊
成績：4-6-3-31
出走数：44
※このデータは南関4競馬場合算の騎手×調教師の相性成績である。"
吉井章,吉井竜一,42,4-6-2-30,9.50%,28.60%,"【南関4場合算｜騎手×調教師 勝利数ランキング】
騎手：吉井章
調教師：吉井竜一
成績：4-6-2-30
出走数：42
※このデータは南関4競馬場合算の騎手×調教師の相性成績である。"
藤江渉,山田質,73,4-5-10-54,5.50%,26.00%,"【南関4場合算｜騎手×調教師 勝利数ランキング】
騎手：藤江渉
調教師：山田質
成績：4-5-10-54
出走数：73
※このデータは南関4競馬場合算の騎手×調教師の相性成績である。"
新原周馬,田邊陽一,49,4-5-7-33,8.20%,32.70%,"【南関4場合算｜騎手×調教師 勝利数ランキング】
騎手：新原周馬
調教師：田邊陽一
成績：4-5-7-33
出走数：49
※このデータは南関4競馬場合算の騎手×調教師の相性成績である。"
室陽一朗,横山保,27,4-5-5-13,14.80%,51.90%,"【南関4場合算｜騎手×調教師 勝利数ランキング】
騎手：室陽一朗
調教師：横山保
成績：4-5-5-13
出走数：27
※このデータは南関4競馬場合算の騎手×調教師の相性成績である。"
和田譲治,渡邉和雄,44,4-5-5-30,9.10%,31.80%,"【南関4場合算｜騎手×調教師 勝利数ランキング】
騎手：和田譲治
調教師：渡邉和雄
成績：4-5-5-30
出走数：44
※このデータは南関4競馬場合算の騎手×調教師の相性成績である。"
今野忠成,内田勝義,38,4-5-4-25,10.50%,34.20%,"【南関4場合算｜騎手×調教師 勝利数ランキング】
騎手：今野忠成
調教師：内田勝義
成績：4-5-4-25
出走数：38
※このデータは南関4競馬場合算の騎手×調教師の相性成績である。"
西啓太,真島大輔,33,4-5-3-21,12.10%,36.40%,"【南関4場合算｜騎手×調教師 勝利数ランキング】
騎手：西啓太
調教師：真島大輔
成績：4-5-3-21
出走数：33
※このデータは南関4競馬場合算の騎手×調教師の相性成績である。"
今野忠成,荒山勝徳,24,4-5-2-13,16.70%,45.80%,"【南関4場合算｜騎手×調教師 勝利数ランキング】
騎手：今野忠成
調教師：荒山勝徳
成績：4-5-2-13
出走数：24
※このデータは南関4競馬場合算の騎手×調教師の相性成績である。"
高橋哲也,水野貴史,59,4-4-8-43,6.80%,27.10%,"【南関4場合算｜騎手×調教師 勝利数ランキング】
騎手：高橋哲也
調教師：水野貴史
成績：4-4-8-43
出走数：59
※このデータは南関4競馬場合算の騎手×調教師の相性成績である。"
岡村健司,河津裕昭,22,4-4-4-10,18.20%,54.50%,"【南関4場合算｜騎手×調教師 勝利数ランキング】
騎手：岡村健司
調教師：河津裕昭
成績：4-4-4-10
出走数：22
※このデータは南関4競馬場合算の騎手×調教師の相性成績である。"
和田譲治,久保杉隆,39,4-4-2-29,10.30%,25.60%,"【南関4場合算｜騎手×調教師 勝利数ランキング】
騎手：和田譲治
調教師：久保杉隆
成績：4-4-2-29
出走数：39
※このデータは南関4競馬場合算の騎手×調教師の相性成績である。"
矢野貴之,朝倉実,12,4-4-1-3,33.30%,75.00%,"【南関4場合算｜騎手×調教師 勝利数ランキング】
騎手：矢野貴之
調教師：朝倉実
成績：4-4-1-3
出走数：12
※このデータは南関4競馬場合算の騎手×調教師の相性成績である。"
中山遥人,酒井一則,37,4-3-6-24,10.80%,35.10%,"【南関4場合算｜騎手×調教師 勝利数ランキング】
騎手：中山遥人
調教師：酒井一則
成績：4-3-6-24
出走数：37
※このデータは南関4競馬場合算の騎手×調教師の相性成績である。"
川島正太郎,山下貴之,24,4-3-5-12,16.70%,50.00%,"【南関4場合算｜騎手×調教師 勝利数ランキング】
騎手：川島正太郎
調教師：山下貴之
成績：4-3-5-12
出走数：24
※このデータは南関4競馬場合算の騎手×調教師の相性成績である。"
鷹見陸,澤佳宏,57,4-3-5-45,7.00%,21.10%,"【南関4場合算｜騎手×調教師 勝利数ランキング】
騎手：鷹見陸
調教師：澤佳宏
成績：4-3-5-45
出走数：57
※このデータは南関4競馬場合算の騎手×調教師の相性成績である。"
矢野貴之,伊藤滋規,22,4-3-5-10,18.20%,54.50%,"【南関4場合算｜騎手×調教師 勝利数ランキング】
騎手：矢野貴之
調教師：伊藤滋規
成績：4-3-5-10
出走数：22
※このデータは南関4競馬場合算の騎手×調教師の相性成績である。"
吉原寛人,矢野義幸,30,4-3-5-18,13.30%,40.00%,"【南関4場合算｜騎手×調教師 勝利数ランキング】
騎手：吉原寛人
調教師：矢野義幸
成績：4-3-5-18
出走数：30
※このデータは南関4競馬場合算の騎手×調教師の相性成績である。"
菅原涼太,藤原智行,56,4-3-4-45,7.10%,19.60%,"【南関4場合算｜騎手×調教師 勝利数ランキング】
騎手：菅原涼太
調教師：藤原智行
成績：4-3-4-45
出走数：56
※このデータは南関4競馬場合算の騎手×調教師の相性成績である。"
町田直希,久保秀男,20,4-3-2-11,20.00%,45.00%,"【南関4場合算｜騎手×調教師 勝利数ランキング】
騎手：町田直希
調教師：久保秀男
成績：4-3-2-11
出走数：20
※このデータは南関4競馬場合算の騎手×調教師の相性成績である。"
笹川翼,秋山直之,16,4-3-1-8,25.00%,50.00%,"【南関4場合算｜騎手×調教師 勝利数ランキング】
騎手：笹川翼
調教師：秋山直之
成績：4-3-1-8
出走数：16
※このデータは南関4競馬場合算の騎手×調教師の相性成績である。"
西啓太,堀江仁,28,4-3-1-20,14.30%,28.60%,"【南関4場合算｜騎手×調教師 勝利数ランキング】
騎手：西啓太
調教師：堀江仁
成績：4-3-1-20
出走数：28
※このデータは南関4競馬場合算の騎手×調教師の相性成績である。"
本橋孝太,川島正一,24,4-3-1-16,16.70%,33.30%,"【南関4場合算｜騎手×調教師 勝利数ランキング】
騎手：本橋孝太
調教師：川島正一
成績：4-3-1-16
出走数：24
※このデータは南関4競馬場合算の騎手×調教師の相性成績である。"
Ｒ．クアトロ,藤田輝信,19,4-3-0-12,21.10%,36.80%,"【南関4場合算｜騎手×調教師 勝利数ランキング】
騎手：Ｒ．クアトロ
調教師：藤田輝信
成績：4-3-0-12
出走数：19
※このデータは南関4競馬場合算の騎手×調教師の相性成績である。"
小杉亮,林幻,25,4-2-4-15,16.00%,40.00%,"【南関4場合算｜騎手×調教師 勝利数ランキング】
騎手：小杉亮
調教師：林幻
成績：4-2-4-15
出走数：25
※このデータは南関4競馬場合算の騎手×調教師の相性成績である。"
藤田凌,藤田輝信,23,4-2-4-13,17.40%,43.50%,"【南関4場合算｜騎手×調教師 勝利数ランキング】
騎手：藤田凌
調教師：藤田輝信
成績：4-2-4-13
出走数：23
※このデータは南関4競馬場合算の騎手×調教師の相性成績である。"
矢野貴之,水野貴史,16,4-2-4-6,25.00%,62.50%,"【南関4場合算｜騎手×調教師 勝利数ランキング】
騎手：矢野貴之
調教師：水野貴史
成績：4-2-4-6
出走数：16
※このデータは南関4競馬場合算の騎手×調教師の相性成績である。"
笹川翼,内田勝義,17,4-2-3-8,23.50%,52.90%,"【南関4場合算｜騎手×調教師 勝利数ランキング】
騎手：笹川翼
調教師：内田勝義
成績：4-2-3-8
出走数：17
※このデータは南関4競馬場合算の騎手×調教師の相性成績である。"
藤田凌,中道啓二,34,4-2-3-25,11.80%,26.50%,"【南関4場合算｜騎手×調教師 勝利数ランキング】
騎手：藤田凌
調教師：中道啓二
成績：4-2-3-25
出走数：34
※このデータは南関4競馬場合算の騎手×調教師の相性成績である。"
山崎誠士,藤原智行,27,4-2-3-18,14.80%,33.30%,"【南関4場合算｜騎手×調教師 勝利数ランキング】
騎手：山崎誠士
調教師：藤原智行
成績：4-2-3-18
出走数：27
※このデータは南関4競馬場合算の騎手×調教師の相性成績である。"
笹川翼,林正人,15,4-2-2-7,26.70%,53.30%,"【南関4場合算｜騎手×調教師 勝利数ランキング】
騎手：笹川翼
調教師：林正人
成績：4-2-2-7
出走数：15
※このデータは南関4競馬場合算の騎手×調教師の相性成績である。"
中越琉世,佐藤博紀,49,4-2-2-41,8.20%,16.30%,"【南関4場合算｜騎手×調教師 勝利数ランキング】
騎手：中越琉世
調教師：佐藤博紀
成績：4-2-2-41
出走数：49
※このデータは南関4競馬場合算の騎手×調教師の相性成績である。"
御神本訓史,田中正人,22,4-2-2-14,18.20%,36.40%,"【南関4場合算｜騎手×調教師 勝利数ランキング】
騎手：御神本訓史
調教師：田中正人
成績：4-2-2-14
出走数：22
※このデータは南関4競馬場合算の騎手×調教師の相性成績である。"
矢野貴之,玉井昇,21,4-2-2-13,19.00%,38.10%,"【南関4場合算｜騎手×調教師 勝利数ランキング】
騎手：矢野貴之
調教師：玉井昇
成績：4-2-2-13
出走数：21
※このデータは南関4競馬場合算の騎手×調教師の相性成績である。"
野畑凌,山崎裕也,19,4-2-1-12,21.10%,36.80%,"【南関4場合算｜騎手×調教師 勝利数ランキング】
騎手：野畑凌
調教師：山崎裕也
成績：4-2-1-12
出走数：19
※このデータは南関4競馬場合算の騎手×調教師の相性成績である。"
松崎正泰,高野毅,18,4-2-1-11,22.20%,38.90%,"【南関4場合算｜騎手×調教師 勝利数ランキング】
騎手：松崎正泰
調教師：高野毅
成績：4-2-1-11
出走数：18
※このデータは南関4競馬場合算の騎手×調教師の相性成績である。"
菅原涼太,坂井英光,11,4-2-0-5,36.40%,54.50%,"【南関4場合算｜騎手×調教師 勝利数ランキング】
騎手：菅原涼太
調教師：坂井英光
成績：4-2-0-5
出走数：11
※このデータは南関4競馬場合算の騎手×調教師の相性成績である。"
藤本現暉,高橋清顕,24,4-2-0-18,16.70%,25.00%,"【南関4場合算｜騎手×調教師 勝利数ランキング】
騎手：藤本現暉
調教師：高橋清顕
成績：4-2-0-18
出走数：24
※このデータは南関4競馬場合算の騎手×調教師の相性成績である。"
本田正重,林幻,9,4-2-0-3,44.40%,66.70%,"【南関4場合算｜騎手×調教師 勝利数ランキング】
騎手：本田正重
調教師：林幻
成績：4-2-0-3
出走数：9
※このデータは南関4競馬場合算の騎手×調教師の相性成績である。"
町田直希,甲田悟史,28,4-1-5-18,14.30%,35.70%,"【南関4場合算｜騎手×調教師 勝利数ランキング】
騎手：町田直希
調教師：甲田悟史
成績：4-1-5-18
出走数：28
※このデータは南関4競馬場合算の騎手×調教師の相性成績である。"
保園翔也,水上直人,11,4-1-3-3,36.40%,72.70%,"【南関4場合算｜騎手×調教師 勝利数ランキング】
騎手：保園翔也
調教師：水上直人
成績：4-1-3-3
出走数：11
※このデータは南関4競馬場合算の騎手×調教師の相性成績である。"
矢野貴之,佐藤裕太,17,4-1-3-9,23.50%,47.10%,"【南関4場合算｜騎手×調教師 勝利数ランキング】
騎手：矢野貴之
調教師：佐藤裕太
成績：4-1-3-9
出走数：17
※このデータは南関4競馬場合算の騎手×調教師の相性成績である。"
半澤慶実,平山真希,31,4-1-2-24,12.90%,22.60%,"【南関4場合算｜騎手×調教師 勝利数ランキング】
騎手：半澤慶実
調教師：平山真希
成績：4-1-2-24
出走数：31
※このデータは南関4競馬場合算の騎手×調教師の相性成績である。"
矢野貴之,福永敏,14,4-1-2-7,28.60%,50.00%,"【南関4場合算｜騎手×調教師 勝利数ランキング】
騎手：矢野貴之
調教師：福永敏
成績：4-1-2-7
出走数：14
※このデータは南関4競馬場合算の騎手×調教師の相性成績である。"
秋元耕成,繁田健一,12,4-1-1-6,33.30%,50.00%,"【南関4場合算｜騎手×調教師 勝利数ランキング】
騎手：秋元耕成
調教師：繁田健一
成績：4-1-1-6
出走数：12
※このデータは南関4競馬場合算の騎手×調教師の相性成績である。"
岡村健司,茂木浩幸,10,4-1-1-4,40.00%,60.00%,"【南関4場合算｜騎手×調教師 勝利数ランキング】
騎手：岡村健司
調教師：茂木浩幸
成績：4-1-1-4
出走数：10
※このデータは南関4競馬場合算の騎手×調教師の相性成績である。"
庄司大輔,川島正一,9,4-1-1-3,44.40%,66.70%,"【南関4場合算｜騎手×調教師 勝利数ランキング】
騎手：庄司大輔
調教師：川島正一
成績：4-1-1-3
出走数：9
※このデータは南関4競馬場合算の騎手×調教師の相性成績である。"
矢野貴之,村上頼章,10,4-1-1-4,40.00%,60.00%,"【南関4場合算｜騎手×調教師 勝利数ランキング】
騎手：矢野貴之
調教師：村上頼章
成績：4-1-1-4
出走数：10
※このデータは南関4競馬場合算の騎手×調教師の相性成績である。"
笹川翼,茂木浩幸,5,4-1-0-0,80.00%,100.00%,"【南関4場合算｜騎手×調教師 勝利数ランキング】
騎手：笹川翼
調教師：茂木浩幸
成績：4-1-0-0
出走数：5
※このデータは南関4競馬場合算の騎手×調教師の相性成績である。"
野畑凌,大宮和也,15,4-1-0-10,26.70%,33.30%,"【南関4場合算｜騎手×調教師 勝利数ランキング】
騎手：野畑凌
調教師：大宮和也
成績：4-1-0-10
出走数：15
※このデータは南関4競馬場合算の騎手×調教師の相性成績である。"
福原杏,野口寛仁,12,4-1-0-7,33.30%,41.70%,"【南関4場合算｜騎手×調教師 勝利数ランキング】
騎手：福原杏
調教師：野口寛仁
成績：4-1-0-7
出走数：12
※このデータは南関4競馬場合算の騎手×調教師の相性成績である。"
御神本訓史,村上頼章,6,4-1-0-1,66.70%,83.30%,"【南関4場合算｜騎手×調教師 勝利数ランキング】
騎手：御神本訓史
調教師：村上頼章
成績：4-1-0-1
出走数：6
※このデータは南関4競馬場合算の騎手×調教師の相性成績である。"
横山武史,伊藤圭三,6,4-1-0-1,66.70%,83.30%,"【南関4場合算｜騎手×調教師 勝利数ランキング】
騎手：横山武史
調教師：伊藤圭三
成績：4-1-0-1
出走数：6
※このデータは南関4競馬場合算の騎手×調教師の相性成績である。"
瀬川将輝,栗田裕光,44,4-0-5-35,9.10%,20.50%,"【南関4場合算｜騎手×調教師 勝利数ランキング】
騎手：瀬川将輝
調教師：栗田裕光
成績：4-0-5-35
出走数：44
※このデータは南関4競馬場合算の騎手×調教師の相性成績である。"
野畑凌,山田質,17,4-0-4-9,23.50%,47.10%,"【南関4場合算｜騎手×調教師 勝利数ランキング】
騎手：野畑凌
調教師：山田質
成績：4-0-4-9
出走数：17
※このデータは南関4競馬場合算の騎手×調教師の相性成績である。"
佐野遥久,田邊陽一,30,4-0-3-23,13.30%,23.30%,"【南関4場合算｜騎手×調教師 勝利数ランキング】
騎手：佐野遥久
調教師：田邊陽一
成績：4-0-3-23
出走数：30
※このデータは南関4競馬場合算の騎手×調教師の相性成績である。"
千田洋,大宮和也,41,4-0-3-34,9.80%,17.10%,"【南関4場合算｜騎手×調教師 勝利数ランキング】
騎手：千田洋
調教師：大宮和也
成績：4-0-3-34
出走数：41
※このデータは南関4競馬場合算の騎手×調教師の相性成績である。"
町田直希,茂木浩幸,10,4-0-2-4,40.00%,60.00%,"【南関4場合算｜騎手×調教師 勝利数ランキング】
騎手：町田直希
調教師：茂木浩幸
成績：4-0-2-4
出走数：10
※このデータは南関4競馬場合算の騎手×調教師の相性成績である。"
池谷匠翔,河津裕昭,17,4-0-1-12,23.50%,29.40%,"【南関4場合算｜騎手×調教師 勝利数ランキング】
騎手：池谷匠翔
調教師：河津裕昭
成績：4-0-1-12
出走数：17
※このデータは南関4競馬場合算の騎手×調教師の相性成績である。"
椿聡太,川島正一,12,4-0-1-7,33.30%,41.70%,"【南関4場合算｜騎手×調教師 勝利数ランキング】
騎手：椿聡太
調教師：川島正一
成績：4-0-1-7
出走数：12
※このデータは南関4競馬場合算の騎手×調教師の相性成績である。"
御神本訓史,真島大輔,7,4-0-1-2,57.10%,71.40%,"【南関4場合算｜騎手×調教師 勝利数ランキング】
騎手：御神本訓史
調教師：真島大輔
成績：4-0-1-2
出走数：7
※このデータは南関4競馬場合算の騎手×調教師の相性成績である。"
御神本訓史,藤原智行,7,4-0-0-3,57.10%,57.10%,"【南関4場合算｜騎手×調教師 勝利数ランキング】
騎手：御神本訓史
調教師：藤原智行
成績：4-0-0-3
出走数：7
※このデータは南関4競馬場合算の騎手×調教師の相性成績である。"
谷内貫太,嶋田幸晴,139,3-11-9-116,2.20%,16.50%,"【南関4場合算｜騎手×調教師 勝利数ランキング】
騎手：谷内貫太
調教師：嶋田幸晴
成績：3-11-9-116
出走数：139
※このデータは南関4競馬場合算の騎手×調教師の相性成績である。"
達城龍次,納谷和玖,60,3-11-6-40,5.00%,33.30%,"【南関4場合算｜騎手×調教師 勝利数ランキング】
騎手：達城龍次
調教師：納谷和玖
成績：3-11-6-40
出走数：60
※このデータは南関4競馬場合算の騎手×調教師の相性成績である。"
御神本訓史,佐々木仁,32,3-10-1-18,9.40%,43.80%,"【南関4場合算｜騎手×調教師 勝利数ランキング】
騎手：御神本訓史
調教師：佐々木仁
成績：3-10-1-18
出走数：32
※このデータは南関4競馬場合算の騎手×調教師の相性成績である。"
菅原涼太,橋本和馬,29,3-8-8-10,10.30%,65.50%,"【南関4場合算｜騎手×調教師 勝利数ランキング】
騎手：菅原涼太
調教師：橋本和馬
成績：3-8-8-10
出走数：29
※このデータは南関4競馬場合算の騎手×調教師の相性成績である。"
鷹見陸,佐々木仁,46,3-7-5-31,6.50%,32.60%,"【南関4場合算｜騎手×調教師 勝利数ランキング】
騎手：鷹見陸
調教師：佐々木仁
成績：3-7-5-31
出走数：46
※このデータは南関4競馬場合算の騎手×調教師の相性成績である。"
笠野雄大,岩崎真樹,54,3-6-9-36,5.60%,33.30%,"【南関4場合算｜騎手×調教師 勝利数ランキング】
騎手：笠野雄大
調教師：岩崎真樹
成績：3-6-9-36
出走数：54
※このデータは南関4競馬場合算の騎手×調教師の相性成績である。"
本田正重,米谷康秀,23,3-6-5-9,13.00%,60.90%,"【南関4場合算｜騎手×調教師 勝利数ランキング】
騎手：本田正重
調教師：米谷康秀
成績：3-6-5-9
出走数：23
※このデータは南関4競馬場合算の騎手×調教師の相性成績である。"
笹川翼,宗形竹見,43,3-5-9-26,7.00%,39.50%,"【南関4場合算｜騎手×調教師 勝利数ランキング】
騎手：笹川翼
調教師：宗形竹見
成績：3-5-9-26
出走数：43
※このデータは南関4競馬場合算の騎手×調教師の相性成績である。"
澤田龍哉,山下貴之,43,3-5-5-30,7.00%,30.20%,"【南関4場合算｜騎手×調教師 勝利数ランキング】
騎手：澤田龍哉
調教師：山下貴之
成績：3-5-5-30
出走数：43
※このデータは南関4競馬場合算の騎手×調教師の相性成績である。"
本田正重,齊藤敏,30,3-5-5-17,10.00%,43.30%,"【南関4場合算｜騎手×調教師 勝利数ランキング】
騎手：本田正重
調教師：齊藤敏
成績：3-5-5-17
出走数：30
※このデータは南関4競馬場合算の騎手×調教師の相性成績である。"
笠野雄大,平山真希,34,3-5-4-22,8.80%,35.30%,"【南関4場合算｜騎手×調教師 勝利数ランキング】
騎手：笠野雄大
調教師：平山真希
成績：3-5-4-22
出走数：34
※このデータは南関4競馬場合算の騎手×調教師の相性成績である。"
櫻井光輔,佐藤博紀,46,3-5-3-35,6.50%,23.90%,"【南関4場合算｜騎手×調教師 勝利数ランキング】
騎手：櫻井光輔
調教師：佐藤博紀
成績：3-5-3-35
出走数：46
※このデータは南関4競馬場合算の騎手×調教師の相性成績である。"
東原悠善,赤嶺本浩,39,3-5-2-29,7.70%,25.60%,"【南関4場合算｜騎手×調教師 勝利数ランキング】
騎手：東原悠善
調教師：赤嶺本浩
成績：3-5-2-29
出走数：39
※このデータは南関4競馬場合算の騎手×調教師の相性成績である。"
山林堂信彦,佐々木仁,38,3-5-1-29,7.90%,23.70%,"【南関4場合算｜騎手×調教師 勝利数ランキング】
騎手：山林堂信彦
調教師：佐々木仁
成績：3-5-1-29
出走数：38
※このデータは南関4競馬場合算の騎手×調教師の相性成績である。"
町田直希,佐野謙二,26,3-5-1-17,11.50%,34.60%,"【南関4場合算｜騎手×調教師 勝利数ランキング】
騎手：町田直希
調教師：佐野謙二
成績：3-5-1-17
出走数：26
※このデータは南関4競馬場合算の騎手×調教師の相性成績である。"
安藤洋一,坂井英光,13,3-5-0-5,23.10%,61.50%,"【南関4場合算｜騎手×調教師 勝利数ランキング】
騎手：安藤洋一
調教師：坂井英光
成績：3-5-0-5
出走数：13
※このデータは南関4競馬場合算の騎手×調教師の相性成績である。"
増田充宏,佐々木仁,37,3-5-0-29,8.10%,21.60%,"【南関4場合算｜騎手×調教師 勝利数ランキング】
騎手：増田充宏
調教師：佐々木仁
成績：3-5-0-29
出走数：37
※このデータは南関4競馬場合算の騎手×調教師の相性成績である。"
野畑凌,伊藤滋規,31,3-4-10-14,9.70%,54.80%,"【南関4場合算｜騎手×調教師 勝利数ランキング】
騎手：野畑凌
調教師：伊藤滋規
成績：3-4-10-14
出走数：31
※このデータは南関4競馬場合算の騎手×調教師の相性成績である。"
矢野貴之,松浦裕之,19,3-4-4-8,15.80%,57.90%,"【南関4場合算｜騎手×調教師 勝利数ランキング】
騎手：矢野貴之
調教師：松浦裕之
成績：3-4-4-8
出走数：19
※このデータは南関4競馬場合算の騎手×調教師の相性成績である。"
御神本訓史,新井清重,14,3-4-3-4,21.40%,71.40%,"【南関4場合算｜騎手×調教師 勝利数ランキング】
騎手：御神本訓史
調教師：新井清重
成績：3-4-3-4
出走数：14
※このデータは南関4競馬場合算の騎手×調教師の相性成績である。"
本橋孝太,鈴木義久,36,3-4-3-26,8.30%,27.80%,"【南関4場合算｜騎手×調教師 勝利数ランキング】
騎手：本橋孝太
調教師：鈴木義久
成績：3-4-3-26
出走数：36
※このデータは南関4競馬場合算の騎手×調教師の相性成績である。"
山崎誠士,鈴木義久,16,3-4-3-6,18.80%,62.50%,"【南関4場合算｜騎手×調教師 勝利数ランキング】
騎手：山崎誠士
調教師：鈴木義久
成績：3-4-3-6
出走数：16
※このデータは南関4競馬場合算の騎手×調教師の相性成績である。"
和田譲治,齊藤敏,33,3-4-3-23,9.10%,30.30%,"【南関4場合算｜騎手×調教師 勝利数ランキング】
騎手：和田譲治
調教師：齊藤敏
成績：3-4-3-23
出走数：33
※このデータは南関4競馬場合算の騎手×調教師の相性成績である。"
安藤洋一,村上頼章,17,3-4-2-8,17.60%,52.90%,"【南関4場合算｜騎手×調教師 勝利数ランキング】
騎手：安藤洋一
調教師：村上頼章
成績：3-4-2-8
出走数：17
※このデータは南関4競馬場合算の騎手×調教師の相性成績である。"
笹川翼,鈴木啓之,12,3-4-2-3,25.00%,75.00%,"【南関4場合算｜騎手×調教師 勝利数ランキング】
騎手：笹川翼
調教師：鈴木啓之
成績：3-4-2-3
出走数：12
※このデータは南関4競馬場合算の騎手×調教師の相性成績である。"
澤田龍哉,川島正一,38,3-4-2-29,7.90%,23.70%,"【南関4場合算｜騎手×調教師 勝利数ランキング】
騎手：澤田龍哉
調教師：川島正一
成績：3-4-2-29
出走数：38
※このデータは南関4競馬場合算の騎手×調教師の相性成績である。"
町田直希,佐藤博紀,20,3-4-1-12,15.00%,40.00%,"【南関4場合算｜騎手×調教師 勝利数ランキング】
騎手：町田直希
調教師：佐藤博紀
成績：3-4-1-12
出走数：20
※このデータは南関4競馬場合算の騎手×調教師の相性成績である。"
町田直希,林正人,9,3-4-1-1,33.30%,88.90%,"【南関4場合算｜騎手×調教師 勝利数ランキング】
騎手：町田直希
調教師：林正人
成績：3-4-1-1
出走数：9
※このデータは南関4競馬場合算の騎手×調教師の相性成績である。"
西啓太,張田京,9,3-4-0-2,33.30%,77.80%,"【南関4場合算｜騎手×調教師 勝利数ランキング】
騎手：西啓太
調教師：張田京
成績：3-4-0-2
出走数：9
※このデータは南関4競馬場合算の騎手×調教師の相性成績である。"
七夕裕次郎,箕輪武,41,3-3-8-27,7.30%,34.10%,"【南関4場合算｜騎手×調教師 勝利数ランキング】
騎手：七夕裕次郎
調教師：箕輪武
成績：3-3-8-27
出走数：41
※このデータは南関4競馬場合算の騎手×調教師の相性成績である。"
篠谷葵,山田信大,48,3-3-7-35,6.30%,27.10%,"【南関4場合算｜騎手×調教師 勝利数ランキング】
騎手：篠谷葵
調教師：山田信大
成績：3-3-7-35
出走数：48
※このデータは南関4競馬場合算の騎手×調教師の相性成績である。"
新原周馬,鈴木義久,50,3-3-5-39,6.00%,22.00%,"【南関4場合算｜騎手×調教師 勝利数ランキング】
騎手：新原周馬
調教師：鈴木義久
成績：3-3-5-39
出走数：50
※このデータは南関4競馬場合算の騎手×調教師の相性成績である。"
鷹見陸,阪本一栄,49,3-3-4-39,6.10%,20.40%,"【南関4場合算｜騎手×調教師 勝利数ランキング】
騎手：鷹見陸
調教師：阪本一栄
成績：3-3-4-39
出走数：49
※このデータは南関4競馬場合算の騎手×調教師の相性成績である。"
岡田大,川村守男,11,3-3-2-3,27.30%,72.70%,"【南関4場合算｜騎手×調教師 勝利数ランキング】
騎手：岡田大
調教師：川村守男
成績：3-3-2-3
出走数：11
※このデータは南関4競馬場合算の騎手×調教師の相性成績である。"
櫻井光輔,平山真希,24,3-3-2-16,12.50%,33.30%,"【南関4場合算｜騎手×調教師 勝利数ランキング】
騎手：櫻井光輔
調教師：平山真希
成績：3-3-2-16
出走数：24
※このデータは南関4競馬場合算の騎手×調教師の相性成績である。"
達城龍次,立花伸,21,3-3-2-13,14.30%,38.10%,"【南関4場合算｜騎手×調教師 勝利数ランキング】
騎手：達城龍次
調教師：立花伸
成績：3-3-2-13
出走数：21
※このデータは南関4競馬場合算の騎手×調教師の相性成績である。"
矢野貴之,佐野謙二,20,3-3-2-12,15.00%,40.00%,"【南関4場合算｜騎手×調教師 勝利数ランキング】
騎手：矢野貴之
調教師：佐野謙二
成績：3-3-2-12
出走数：20
※このデータは南関4競馬場合算の騎手×調教師の相性成績である。"
山本聡哉,新井清重,11,3-3-2-3,27.30%,72.70%,"【南関4場合算｜騎手×調教師 勝利数ランキング】
騎手：山本聡哉
調教師：新井清重
成績：3-3-2-3
出走数：11
※このデータは南関4競馬場合算の騎手×調教師の相性成績である。"
櫻井光輔,甲田悟史,14,3-3-1-7,21.40%,50.00%,"【南関4場合算｜騎手×調教師 勝利数ランキング】
騎手：櫻井光輔
調教師：甲田悟史
成績：3-3-1-7
出走数：14
※このデータは南関4競馬場合算の騎手×調教師の相性成績である。"
杉山海波,井上弘之,24,3-3-1-17,12.50%,29.20%,"【南関4場合算｜騎手×調教師 勝利数ランキング】
騎手：杉山海波
調教師：井上弘之
成績：3-3-1-17
出走数：24
※このデータは南関4競馬場合算の騎手×調教師の相性成績である。"
西啓太,加藤誠一,22,3-3-1-15,13.60%,31.80%,"【南関4場合算｜騎手×調教師 勝利数ランキング】
騎手：西啓太
調教師：加藤誠一
成績：3-3-1-15
出走数：22
※このデータは南関4競馬場合算の騎手×調教師の相性成績である。"
張田昂,村田六郎,10,3-3-1-3,30.00%,70.00%,"【南関4場合算｜騎手×調教師 勝利数ランキング】
騎手：張田昂
調教師：村田六郎
成績：3-3-1-3
出走数：10
※このデータは南関4競馬場合算の騎手×調教師の相性成績である。"
吉原寛人,藤田輝信,12,3-3-1-5,25.00%,58.30%,"【南関4場合算｜騎手×調教師 勝利数ランキング】
騎手：吉原寛人
調教師：藤田輝信
成績：3-3-1-5
出走数：12
※このデータは南関4競馬場合算の騎手×調教師の相性成績である。"
和田譲治,赤嶺本浩,27,3-3-1-20,11.10%,25.90%,"【南関4場合算｜騎手×調教師 勝利数ランキング】
騎手：和田譲治
調教師：赤嶺本浩
成績：3-3-1-20
出走数：27
※このデータは南関4競馬場合算の騎手×調教師の相性成績である。"
加藤雄真,山崎裕也,26,3-3-0-20,11.50%,23.10%,"【南関4場合算｜騎手×調教師 勝利数ランキング】
騎手：加藤雄真
調教師：山崎裕也
成績：3-3-0-20
出走数：26
※このデータは南関4競馬場合算の騎手×調教師の相性成績である。"
本田正重,佐宗応和,18,3-3-0-12,16.70%,33.30%,"【南関4場合算｜騎手×調教師 勝利数ランキング】
騎手：本田正重
調教師：佐宗応和
成績：3-3-0-12
出走数：18
※このデータは南関4競馬場合算の騎手×調教師の相性成績である。"
菅原涼太,長谷川忍,60,3-2-6-49,5.00%,18.30%,"【南関4場合算｜騎手×調教師 勝利数ランキング】
騎手：菅原涼太
調教師：長谷川忍
成績：3-2-6-49
出走数：60
※このデータは南関4競馬場合算の騎手×調教師の相性成績である。"
藤田凌,佐野謙二,48,3-2-6-37,6.30%,22.90%,"【南関4場合算｜騎手×調教師 勝利数ランキング】
騎手：藤田凌
調教師：佐野謙二
成績：3-2-6-37
出走数：48
※このデータは南関4競馬場合算の騎手×調教師の相性成績である。"
御神本訓史,荒山勝徳,16,3-2-5-6,18.80%,62.50%,"【南関4場合算｜騎手×調教師 勝利数ランキング】
騎手：御神本訓史
調教師：荒山勝徳
成績：3-2-5-6
出走数：16
※このデータは南関4競馬場合算の騎手×調教師の相性成績である。"
岡村健司,佐藤裕太,25,3-2-4-16,12.00%,36.00%,"【南関4場合算｜騎手×調教師 勝利数ランキング】
騎手：岡村健司
調教師：佐藤裕太
成績：3-2-4-16
出走数：25
※このデータは南関4競馬場合算の騎手×調教師の相性成績である。"
安藤洋一,渡邉和雄,26,3-2-3-18,11.50%,30.80%,"【南関4場合算｜騎手×調教師 勝利数ランキング】
騎手：安藤洋一
調教師：渡邉和雄
成績：3-2-3-18
出走数：26
※このデータは南関4競馬場合算の騎手×調教師の相性成績である。"
谷内貫太,月岡健二,22,3-2-3-14,13.60%,36.40%,"【南関4場合算｜騎手×調教師 勝利数ランキング】
騎手：谷内貫太
調教師：月岡健二
成績：3-2-3-14
出走数：22
※このデータは南関4競馬場合算の騎手×調教師の相性成績である。"
仲野光馬,渋谷信博,42,3-2-3-34,7.10%,19.00%,"【南関4場合算｜騎手×調教師 勝利数ランキング】
騎手：仲野光馬
調教師：渋谷信博
成績：3-2-3-34
出走数：42
※このデータは南関4競馬場合算の騎手×調教師の相性成績である。"
矢野貴之,立花伸,16,3-2-3-8,18.80%,50.00%,"【南関4場合算｜騎手×調教師 勝利数ランキング】
騎手：矢野貴之
調教師：立花伸
成績：3-2-3-8
出走数：16
※このデータは南関4競馬場合算の騎手×調教師の相性成績である。"
安藤洋一,佐宗応和,32,3-2-2-25,9.40%,21.90%,"【南関4場合算｜騎手×調教師 勝利数ランキング】
騎手：安藤洋一
調教師：佐宗応和
成績：3-2-2-25
出走数：32
※このデータは南関4競馬場合算の騎手×調教師の相性成績である。"
谷内貫太,市村誠,66,3-2-2-59,4.50%,10.60%,"【南関4場合算｜騎手×調教師 勝利数ランキング】
騎手：谷内貫太
調教師：市村誠
成績：3-2-2-59
出走数：66
※このデータは南関4競馬場合算の騎手×調教師の相性成績である。"
中山遥人,佐宗応和,25,3-2-2-18,12.00%,28.00%,"【南関4場合算｜騎手×調教師 勝利数ランキング】
騎手：中山遥人
調教師：佐宗応和
成績：3-2-2-18
出走数：25
※このデータは南関4競馬場合算の騎手×調教師の相性成績である。"
西啓太,鷹見浩,17,3-2-2-10,17.60%,41.20%,"【南関4場合算｜騎手×調教師 勝利数ランキング】
騎手：西啓太
調教師：鷹見浩
成績：3-2-2-10
出走数：17
※このデータは南関4競馬場合算の騎手×調教師の相性成績である。"
野畑凌,米田英世,21,3-2-2-14,14.30%,33.30%,"【南関4場合算｜騎手×調教師 勝利数ランキング】
騎手：野畑凌
調教師：米田英世
成績：3-2-2-14
出走数：21
※このデータは南関4競馬場合算の騎手×調教師の相性成績である。"
張田昂,川島正一,18,3-2-2-11,16.70%,38.90%,"【南関4場合算｜騎手×調教師 勝利数ランキング】
騎手：張田昂
調教師：川島正一
成績：3-2-2-11
出走数：18
※このデータは南関4競馬場合算の騎手×調教師の相性成績である。"
藤本現暉,荒山勝徳,9,3-2-2-2,33.30%,77.80%,"【南関4場合算｜騎手×調教師 勝利数ランキング】
騎手：藤本現暉
調教師：荒山勝徳
成績：3-2-2-2
出走数：9
※このデータは南関4競馬場合算の騎手×調教師の相性成績である。"
山崎誠士,新井清重,18,3-2-2-11,16.70%,38.90%,"【南関4場合算｜騎手×調教師 勝利数ランキング】
騎手：山崎誠士
調教師：新井清重
成績：3-2-2-11
出走数：18
※このデータは南関4競馬場合算の騎手×調教師の相性成績である。"
岡村裕基,山田正実,52,3-2-1-46,5.80%,11.50%,"【南関4場合算｜騎手×調教師 勝利数ランキング】
騎手：岡村裕基
調教師：山田正実
成績：3-2-1-46
出走数：52
※このデータは南関4競馬場合算の騎手×調教師の相性成績である。"
杉山海波,村上頼章,28,3-2-1-22,10.70%,21.40%,"【南関4場合算｜騎手×調教師 勝利数ランキング】
騎手：杉山海波
調教師：村上頼章
成績：3-2-1-22
出走数：28
※このデータは南関4競馬場合算の騎手×調教師の相性成績である。"
張田昂,稲益貴弘,16,3-2-1-10,18.80%,37.50%,"【南関4場合算｜騎手×調教師 勝利数ランキング】
騎手：張田昂
調教師：稲益貴弘
成績：3-2-1-10
出走数：16
※このデータは南関4競馬場合算の騎手×調教師の相性成績である。"
張田昂,長谷川剛史,11,3-2-1-5,27.30%,54.50%,"【南関4場合算｜騎手×調教師 勝利数ランキング】
騎手：張田昂
調教師：長谷川剛史
成績：3-2-1-5
出走数：11
※このデータは南関4競馬場合算の騎手×調教師の相性成績である。"
藤江渉,八木正喜,30,3-2-1-24,10.00%,20.00%,"【南関4場合算｜騎手×調教師 勝利数ランキング】
騎手：藤江渉
調教師：八木正喜
成績：3-2-1-24
出走数：30
※このデータは南関4競馬場合算の騎手×調教師の相性成績である。"
本橋孝太,米谷康秀,11,3-2-1-5,27.30%,54.50%,"【南関4場合算｜騎手×調教師 勝利数ランキング】
騎手：本橋孝太
調教師：米谷康秀
成績：3-2-1-5
出走数：11
※このデータは南関4競馬場合算の騎手×調教師の相性成績である。"
山中悠希,渡邊貴光,19,3-2-1-13,15.80%,31.60%,"【南関4場合算｜騎手×調教師 勝利数ランキング】
騎手：山中悠希
調教師：渡邊貴光
成績：3-2-1-13
出走数：19
※このデータは南関4競馬場合算の騎手×調教師の相性成績である。"
和田譲治,荒山勝徳,13,3-2-1-7,23.10%,46.20%,"【南関4場合算｜騎手×調教師 勝利数ランキング】
騎手：和田譲治
調教師：荒山勝徳
成績：3-2-1-7
出走数：13
※このデータは南関4競馬場合算の騎手×調教師の相性成績である。"
石川駿介,高橋清顕,23,3-2-0-18,13.00%,21.70%,"【南関4場合算｜騎手×調教師 勝利数ランキング】
騎手：石川駿介
調教師：高橋清顕
成績：3-2-0-18
出走数：23
※このデータは南関4競馬場合算の騎手×調教師の相性成績である。"
笹川翼,山中尊徳,11,3-2-0-6,27.30%,45.50%,"【南関4場合算｜騎手×調教師 勝利数ランキング】
騎手：笹川翼
調教師：山中尊徳
成績：3-2-0-6
出走数：11
※このデータは南関4競馬場合算の騎手×調教師の相性成績である。"
篠谷葵,川島正一,13,3-2-0-8,23.10%,38.50%,"【南関4場合算｜騎手×調教師 勝利数ランキング】
騎手：篠谷葵
調教師：川島正一
成績：3-2-0-8
出走数：13
※このデータは南関4競馬場合算の騎手×調教師の相性成績である。"
鷹見陸,上杉昌宏,39,3-2-0-34,7.70%,12.80%,"【南関4場合算｜騎手×調教師 勝利数ランキング】
騎手：鷹見陸
調教師：上杉昌宏
成績：3-2-0-34
出走数：39
※このデータは南関4競馬場合算の騎手×調教師の相性成績である。"
野畑凌,平田正一,17,3-2-0-12,17.60%,29.40%,"【南関4場合算｜騎手×調教師 勝利数ランキング】
騎手：野畑凌
調教師：平田正一
成績：3-2-0-12
出走数：17
※このデータは南関4競馬場合算の騎手×調教師の相性成績である。"
本田正重,村上頼章,5,3-2-0-0,60.00%,100.00%,"【南関4場合算｜騎手×調教師 勝利数ランキング】
騎手：本田正重
調教師：村上頼章
成績：3-2-0-0
出走数：5
※このデータは南関4競馬場合算の騎手×調教師の相性成績である。"
藤田凌,堀千亜樹,37,3-1-10-23,8.10%,37.80%,"【南関4場合算｜騎手×調教師 勝利数ランキング】
騎手：藤田凌
調教師：堀千亜樹
成績：3-1-10-23
出走数：37
※このデータは南関4競馬場合算の騎手×調教師の相性成績である。"
野澤憲彦,齊藤敏,47,3-1-8-35,6.40%,25.50%,"【南関4場合算｜騎手×調教師 勝利数ランキング】
騎手：野澤憲彦
調教師：齊藤敏
成績：3-1-8-35
出走数：47
※このデータは南関4競馬場合算の騎手×調教師の相性成績である。"
町田直希,古澤悟,37,3-1-6-27,8.10%,27.00%,"【南関4場合算｜騎手×調教師 勝利数ランキング】
騎手：町田直希
調教師：古澤悟
成績：3-1-6-27
出走数：37
※このデータは南関4競馬場合算の騎手×調教師の相性成績である。"
山林堂信彦,小野寺晋廣,70,3-1-4-62,4.30%,11.40%,"【南関4場合算｜騎手×調教師 勝利数ランキング】
騎手：山林堂信彦
調教師：小野寺晋廣
成績：3-1-4-62
出走数：70
※このデータは南関4競馬場合算の騎手×調教師の相性成績である。"
吉井章,中道啓二,31,3-1-4-23,9.70%,25.80%,"【南関4場合算｜騎手×調教師 勝利数ランキング】
騎手：吉井章
調教師：中道啓二
成績：3-1-4-23
出走数：31
※このデータは南関4競馬場合算の騎手×調教師の相性成績である。"
所蛍,林幻,32,3-1-3-25,9.40%,21.90%,"【南関4場合算｜騎手×調教師 勝利数ランキング】
騎手：所蛍
調教師：林幻
成績：3-1-3-25
出走数：32
※このデータは南関4競馬場合算の騎手×調教師の相性成績である。"
新原周馬,山崎尋美,27,3-1-3-20,11.10%,25.90%,"【南関4場合算｜騎手×調教師 勝利数ランキング】
騎手：新原周馬
調教師：山崎尋美
成績：3-1-3-20
出走数：27
※このデータは南関4競馬場合算の騎手×調教師の相性成績である。"
町田直希,山崎尋美,15,3-1-3-8,20.00%,46.70%,"【南関4場合算｜騎手×調教師 勝利数ランキング】
騎手：町田直希
調教師：山崎尋美
成績：3-1-3-8
出走数：15
※このデータは南関4競馬場合算の騎手×調教師の相性成績である。"
笹川翼,佐々木仁,14,3-1-2-8,21.40%,42.90%,"【南関4場合算｜騎手×調教師 勝利数ランキング】
騎手：笹川翼
調教師：佐々木仁
成績：3-1-2-8
出走数：14
※このデータは南関4競馬場合算の騎手×調教師の相性成績である。"
江里口裕輝,橋本和馬,13,3-1-1-8,23.10%,38.50%,"【南関4場合算｜騎手×調教師 勝利数ランキング】
騎手：江里口裕輝
調教師：橋本和馬
成績：3-1-1-8
出走数：13
※このデータは南関4競馬場合算の騎手×調教師の相性成績である。"
山林堂信彦,酒井忍,5,3-1-1-0,60.00%,100.00%,"【南関4場合算｜騎手×調教師 勝利数ランキング】
騎手：山林堂信彦
調教師：酒井忍
成績：3-1-1-0
出走数：5
※このデータは南関4競馬場合算の騎手×調教師の相性成績である。"
達城龍次,井上弘之,14,3-1-1-9,21.40%,35.70%,"【南関4場合算｜騎手×調教師 勝利数ランキング】
騎手：達城龍次
調教師：井上弘之
成績：3-1-1-9
出走数：14
※このデータは南関4競馬場合算の騎手×調教師の相性成績である。"
張田昂,岡林光浩,11,3-1-1-6,27.30%,45.50%,"【南関4場合算｜騎手×調教師 勝利数ランキング】
騎手：張田昂
調教師：岡林光浩
成績：3-1-1-6
出走数：11
※このデータは南関4競馬場合算の騎手×調教師の相性成績である。"
福原杏,小久保智,11,3-1-1-6,27.30%,45.50%,"【南関4場合算｜騎手×調教師 勝利数ランキング】
騎手：福原杏
調教師：小久保智
成績：3-1-1-6
出走数：11
※このデータは南関4競馬場合算の騎手×調教師の相性成績である。"
矢野貴之,田邊陽一,13,3-1-1-8,23.10%,38.50%,"【南関4場合算｜騎手×調教師 勝利数ランキング】
騎手：矢野貴之
調教師：田邊陽一
成績：3-1-1-8
出走数：13
※このデータは南関4競馬場合算の騎手×調教師の相性成績である。"
Ｒ．クアトロ,立花伸,8,3-1-1-3,37.50%,62.50%,"【南関4場合算｜騎手×調教師 勝利数ランキング】
騎手：Ｒ．クアトロ
調教師：立花伸
成績：3-1-1-3
出走数：8
※このデータは南関4競馬場合算の騎手×調教師の相性成績である。"
和田譲治,朝倉実,19,3-1-1-14,15.80%,26.30%,"【南関4場合算｜騎手×調教師 勝利数ランキング】
騎手：和田譲治
調教師：朝倉実
成績：3-1-1-14
出走数：19
※このデータは南関4競馬場合算の騎手×調教師の相性成績である。"
赤津和希,工藤伸輔,14,3-1-0-10,21.40%,28.60%,"【南関4場合算｜騎手×調教師 勝利数ランキング】
騎手：赤津和希
調教師：工藤伸輔
成績：3-1-0-10
出走数：14
※このデータは南関4競馬場合算の騎手×調教師の相性成績である。"
岡村健司,川島正一,6,3-1-0-2,50.00%,66.70%,"【南関4場合算｜騎手×調教師 勝利数ランキング】
騎手：岡村健司
調教師：川島正一
成績：3-1-0-2
出走数：6
※このデータは南関4競馬場合算の騎手×調教師の相性成績である。"
神尾香澄,武井和実,11,3-1-0-7,27.30%,36.40%,"【南関4場合算｜騎手×調教師 勝利数ランキング】
騎手：神尾香澄
調教師：武井和実
成績：3-1-0-7
出走数：11
※このデータは南関4競馬場合算の騎手×調教師の相性成績である。"
澤田龍哉,渡邊貴光,7,3-1-0-3,42.90%,57.10%,"【南関4場合算｜騎手×調教師 勝利数ランキング】
騎手：澤田龍哉
調教師：渡邊貴光
成績：3-1-0-3
出走数：7
※このデータは南関4競馬場合算の騎手×調教師の相性成績である。"
藤田凌,真島大輔,5,3-1-0-1,60.00%,80.00%,"【南関4場合算｜騎手×調教師 勝利数ランキング】
騎手：藤田凌
調教師：真島大輔
成績：3-1-0-1
出走数：5
※このデータは南関4競馬場合算の騎手×調教師の相性成績である。"
本田正重,坂井英光,7,3-1-0-3,42.90%,57.10%,"【南関4場合算｜騎手×調教師 勝利数ランキング】
騎手：本田正重
調教師：坂井英光
成績：3-1-0-3
出走数：7
※このデータは南関4競馬場合算の騎手×調教師の相性成績である。"
山本大翔,山下貴之,8,3-1-0-4,37.50%,50.00%,"【南関4場合算｜騎手×調教師 勝利数ランキング】
騎手：山本大翔
調教師：山下貴之
成績：3-1-0-4
出走数：8
※このデータは南関4競馬場合算の騎手×調教師の相性成績である。"
中山遥人,藤原智行,20,3-0-4-13,15.00%,35.00%,"【南関4場合算｜騎手×調教師 勝利数ランキング】
騎手：中山遥人
調教師：藤原智行
成績：3-0-4-13
出走数：20
※このデータは南関4競馬場合算の騎手×調教師の相性成績である。"
東原悠善,庄子昭彦,88,3-0-3-82,3.40%,6.80%,"【南関4場合算｜騎手×調教師 勝利数ランキング】
騎手：東原悠善
調教師：庄子昭彦
成績：3-0-3-82
出走数：88
※このデータは南関4競馬場合算の騎手×調教師の相性成績である。"
御神本訓史,茂木浩幸,11,3-0-3-5,27.30%,54.50%,"【南関4場合算｜騎手×調教師 勝利数ランキング】
騎手：御神本訓史
調教師：茂木浩幸
成績：3-0-3-5
出走数：11
※このデータは南関4競馬場合算の騎手×調教師の相性成績である。"
山中悠希,山下貴之,30,3-0-3-24,10.00%,20.00%,"【南関4場合算｜騎手×調教師 勝利数ランキング】
騎手：山中悠希
調教師：山下貴之
成績：3-0-3-24
出走数：30
※このデータは南関4競馬場合算の騎手×調教師の相性成績である。"
加藤雄真,工藤伸輔,23,3-0-2-18,13.00%,21.70%,"【南関4場合算｜騎手×調教師 勝利数ランキング】
騎手：加藤雄真
調教師：工藤伸輔
成績：3-0-2-18
出走数：23
※このデータは南関4競馬場合算の騎手×調教師の相性成績である。"
吉井章,橋本和馬,10,3-0-2-5,30.00%,50.00%,"【南関4場合算｜騎手×調教師 勝利数ランキング】
騎手：吉井章
調教師：橋本和馬
成績：3-0-2-5
出走数：10
※このデータは南関4競馬場合算の騎手×調教師の相性成績である。"
Ｒ．クアトロ,米田英世,5,3-0-2-0,60.00%,100.00%,"【南関4場合算｜騎手×調教師 勝利数ランキング】
騎手：Ｒ．クアトロ
調教師：米田英世
成績：3-0-2-0
出走数：5
※このデータは南関4競馬場合算の騎手×調教師の相性成績である。"
木間塚龍馬,新井清重,30,3-0-1-26,10.00%,13.30%,"【南関4場合算｜騎手×調教師 勝利数ランキング】
騎手：木間塚龍馬
調教師：新井清重
成績：3-0-1-26
出走数：30
※このデータは南関4競馬場合算の騎手×調教師の相性成績である。"
西啓太,小澤宏次,11,3-0-1-7,27.30%,36.40%,"【南関4場合算｜騎手×調教師 勝利数ランキング】
騎手：西啓太
調教師：小澤宏次
成績：3-0-1-7
出走数：11
※このデータは南関4競馬場合算の騎手×調教師の相性成績である。"
御神本訓史,岩崎真樹,5,3-0-1-1,60.00%,80.00%,"【南関4場合算｜騎手×調教師 勝利数ランキング】
騎手：御神本訓史
調教師：岩崎真樹
成績：3-0-1-1
出走数：5
※このデータは南関4競馬場合算の騎手×調教師の相性成績である。"
御神本訓史,佐宗応和,7,3-0-1-3,42.90%,57.10%,"【南関4場合算｜騎手×調教師 勝利数ランキング】
騎手：御神本訓史
調教師：佐宗応和
成績：3-0-1-3
出走数：7
※このデータは南関4競馬場合算の騎手×調教師の相性成績である。"
吉原寛人,宇野木博徳,5,3-0-1-1,60.00%,80.00%,"【南関4場合算｜騎手×調教師 勝利数ランキング】
騎手：吉原寛人
調教師：宇野木博徳
成績：3-0-1-1
出走数：5
※このデータは南関4競馬場合算の騎手×調教師の相性成績である。"
吉原寛人,栗田泰昌,16,3-0-1-12,18.80%,25.00%,"【南関4場合算｜騎手×調教師 勝利数ランキング】
騎手：吉原寛人
調教師：栗田泰昌
成績：3-0-1-12
出走数：16
※このデータは南関4競馬場合算の騎手×調教師の相性成績である。"
伊藤裕人,林隆之,16,3-0-0-13,18.80%,18.80%,"【南関4場合算｜騎手×調教師 勝利数ランキング】
騎手：伊藤裕人
調教師：林隆之
成績：3-0-0-13
出走数：16
※このデータは南関4競馬場合算の騎手×調教師の相性成績である。"
岡村健司,佐々木功,6,3-0-0-3,50.00%,50.00%,"【南関4場合算｜騎手×調教師 勝利数ランキング】
騎手：岡村健司
調教師：佐々木功
成績：3-0-0-3
出走数：6
※このデータは南関4競馬場合算の騎手×調教師の相性成績である。"
笹川翼,森秀行,8,3-0-0-5,37.50%,37.50%,"【南関4場合算｜騎手×調教師 勝利数ランキング】
騎手：笹川翼
調教師：森秀行
成績：3-0-0-5
出走数：8
※このデータは南関4競馬場合算の騎手×調教師の相性成績である。"
本田正重,内田勝義,5,3-0-0-2,60.00%,60.00%,"【南関4場合算｜騎手×調教師 勝利数ランキング】
騎手：本田正重
調教師：内田勝義
成績：3-0-0-2
出走数：5
※このデータは南関4競馬場合算の騎手×調教師の相性成績である。"
Ｒ．クアトロ,内田勝義,5,3-0-0-2,60.00%,60.00%,"【南関4場合算｜騎手×調教師 勝利数ランキング】
騎手：Ｒ．クアトロ
調教師：内田勝義
成績：3-0-0-2
出走数：5
※このデータは南関4競馬場合算の騎手×調教師の相性成績である。"
Ｒ．クアトロ,林隆之,8,3-0-0-5,37.50%,37.50%,"【南関4場合算｜騎手×調教師 勝利数ランキング】
騎手：Ｒ．クアトロ
調教師：林隆之
成績：3-0-0-5
出走数：8
※このデータは南関4競馬場合算の騎手×調教師の相性成績である。"
和田譲治,宇野木博徳,7,3-0-0-4,42.90%,42.90%,"【南関4場合算｜騎手×調教師 勝利数ランキング】
騎手：和田譲治
調教師：宇野木博徳
成績：3-0-0-4
出走数：7
※このデータは南関4競馬場合算の騎手×調教師の相性成績である。"
